0.159114, 0.0126284, 0.00534905, 0.0026967, 0.00145669, 0.00081797, 0.00047087, 0.000279482, 0.000170986, 0.000104874, 6.6232e-05, 4.2238e-05, 2.74255e-05, 1.76279e-05, 1.17253e-05, 7.84419e-06, 5.10093e-06, 3.37882e-06, 2.34834e-06, 1.60445e-06, 1.11255e-06, 7.49387e-07, 5.2523e-07, 3.61306e-07, 2.57661e-07, 1.82504e-07, 1.22188e-07, 8.53431e-08, 6.09692e-08, 4.34418e-08, 3.02421e-08, 2.03218e-08, 1.57209e-08, 1.17311e-08, 8.37694e-09, 5.27973e-09, 3.29216e-09, 2.13427e-09, 2.03303e-09, 1.27751e-09, 8.45573e-10, 5.63217e-10, 4.3708e-10, 4.68722e-10, 3.68861e-10, 2.04449e-10, 1.4762e-10, 8.22495e-11, 6.15463e-11, 6.0066e-11, 6.09534e-11, 5.02152e-11, 3.49382e-11, 1.42116e-11, 8.76657e-12, 1.00487e-11, 3.23406e-12, 2.03962e-12, 3.34271e-12, 6.64251e-13, 0, 0, 1.48241e-13, 2.07722e-13, 1.61114e-13, 2.13052e-13, 0, 0, 0, 2.17432e-13, 3.4497e-14, 0, 0, 0, 0, 0, 0, 0, 0, 0, 0, 0, 0, 0, 0, 0, 0, 0, 0, 0, 0, 0, 0, 0, 0, 0, 0, 0, 0, 0
0.0990426, 0.0196368, 0.00772412, 0.00382375, 0.00206997, 0.00116977, 0.000682887, 0.000409437, 0.000251867, 0.000157006, 9.89644e-05, 6.3481e-05, 4.13058e-05, 2.6877e-05, 1.78206e-05, 1.19031e-05, 7.9133e-06, 5.30183e-06, 3.63412e-06, 2.5364e-06, 1.71972e-06, 1.19983e-06, 7.99803e-07, 5.42755e-07, 3.96336e-07, 2.70831e-07, 1.96654e-07, 1.44143e-07, 9.82114e-08, 6.34002e-08, 4.235e-08, 3.29199e-08, 2.54559e-08, 1.82626e-08, 1.24379e-08, 8.50171e-09, 5.94947e-09, 4.11509e-09, 2.75358e-09, 1.88954e-09, 1.62535e-09, 1.04601e-09, 8.1867e-10, 6.15365e-10, 3.9339e-10, 2.80954e-10, 1.68269e-10, 1.33617e-10, 1.14515e-10, 1.22423e-10, 5.22471e-11, 5.07365e-11, 4.01509e-11, 2.67206e-11, 1.58225e-11, 1.0546e-11, 9.94889e-12, 4.14739e-12, 1.95112e-12, 2.89904e-13, 1.90926e-13, 0, 1.81318e-12, 6.76417e-14, 3.01525e-13, 0, 0, 0, 0, 2.70634e-13, 0, 0, 0, 0, 0, 0, 0, 0, 0, 0, 0, 0, 0, 0, 0, 0, 0, 0, 0, 0, 0, 0, 0, 0, 0, 0, 0, 0, 0, 0
0.0417223, 0.0172302, 0.00782374, 0.00403554, 0.0022531, 0.00131423, 0.000784506, 0.000480496, 0.00030034, 0.000187983, 0.000121189, 7.83867e-05, 5.13166e-05, 3.43301e-05, 2.25933e-05, 1.50639e-05, 9.97119e-06, 6.75699e-06, 4.64653e-06, 3.15499e-06, 2.22787e-06, 1.50347e-06, 1.0264e-06, 7.2132e-07, 5.10239e-07, 3.57048e-07, 2.46575e-07, 1.75775e-07, 1.23191e-07, 8.60098e-08, 6.11685e-08, 4.37936e-08, 3.03406e-08, 2.2296e-08, 1.79887e-08, 1.17123e-08, 9.10483e-09, 6.20837e-09, 4.13337e-09, 3.18194e-09, 2.17382e-09, 1.57572e-09, 1.08957e-09, 6.72941e-10, 5.18543e-10, 3.6348e-10, 3.37034e-10, 1.93474e-10, 1.36352e-10, 1.34171e-10, 8.59006e-11, 6.7618e-11, 3.00532e-11, 2.74611e-11, 1.75618e-11, 9.3785e-12, 4.84517e-12, 7.63856e-12, 3.38937e-12, 2.51143e-12, 2.4472e-12, 1.12721e-13, 1.13645e-12, 1.82843e-12, 5.37868e-13, 1.21337e-13, 0, 0, 2.35342e-13, 3.50291e-13, 0, 0, 0, 0, 0, 0, 0, 0, 0, 0, 0, 0, 0, 0, 0, 0, 0, 0, 0, 0, 0, 0, 0, 0, 0, 0, 0, 0, 0, 0
0.0175341, 0.0109756, 0.00624544, 0.0035929, 0.00211887, 0.00128385, 0.000795669, 0.000501846, 0.00031757, 0.000204277, 0.000132678, 8.72817e-05, 5.76876e-05, 3.83874e-05, 2.57634e-05, 1.72686e-05, 1.17107e-05, 7.90041e-06, 5.33525e-06, 3.68512e-06, 2.54825e-06, 1.79656e-06, 1.21032e-06, 8.70309e-07, 6.21326e-07, 4.47722e-07, 3.03911e-07, 2.03852e-07, 1.38686e-07, 9.80427e-08, 7.3501e-08, 5.37416e-08, 3.58718e-08, 2.43613e-08, 1.76921e-08, 1.27697e-08, 9.55285e-09, 7.33378e-09, 5.83079e-09, 4.04702e-09, 2.76461e-09, 2.16238e-09, 1.37126e-09, 8.99477e-10, 6.5682e-10, 4.88577e-10, 3.67669e-10, 1.74829e-10, 1.20991e-10, 1.364e-10, 1.40785e-10, 7.34968e-11, 5.50668e-11, 3.02486e-11, 2.20621e-11, 1.79904e-11, 9.11003e-12, 8.45058e-12, 3.15404e-12, 2.80067e-12, 4.28818e-12, 1.85753e-12, 2.53966e-12, 1.00828e-12, 7.79542e-13, 7.19507e-13, 0, 3.65341e-13, 2.71078e-13, 2.65309e-13, 0, 0, 0, 0, 0, 0, 0, 0, 0, 0, 0, 0, 0, 0, 0, 0, 0, 0, 0, 0, 0, 0, 0, 0, 0, 0, 0, 0, 0, 0
0.0084311, 0.0064926, 0.00437381, 0.00281018, 0.00178481, 0.00114407, 0.000735537, 0.000476899, 0.000310779, 0.000203161, 0.000134133, 9.04255e-05, 5.97547e-05, 4.02984e-05, 2.73007e-05, 1.85495e-05, 1.26034e-05, 8.69743e-06, 5.905e-06, 4.17898e-06, 2.88215e-06, 2.01945e-06, 1.39549e-06, 9.97996e-07, 6.82961e-07, 4.92492e-07, 3.40585e-07, 2.45475e-07, 1.70417e-07, 1.20174e-07, 8.65908e-08, 6.08215e-08, 4.09669e-08, 3.09003e-08, 2.29327e-08, 1.62635e-08, 9.74249e-09, 8.41851e-09, 6.61027e-09, 4.43888e-09, 3.14972e-09, 2.05256e-09, 1.64623e-09, 1.07116e-09, 6.97865e-10, 4.99143e-10, 4.16846e-10, 2.87432e-10, 1.64488e-10, 1.21945e-10, 8.1959e-11, 8.63448e-11, 6.89631e-11, 4.58076e-11, 2.17203e-11, 1.71064e-11, 1.72801e-11, 7.9036e-12, 4.75708e-12, 7.69058e-12, 3.64065e-12, 2.8006e-12, 1.2216e-12, 1.90073e-12, 1.40227e-12, 8.19482e-13, 9.87339e-13, 6.55213e-13, 9.82141e-13, 1.38714e-13, 0, 0, 0, 0, 0, 0, 0, 0, 0, 0, 0, 0, 0, 0, 0, 0, 0, 0, 0, 0, 0, 0, 0, 0, 0, 0, 0, 0, 0, 0
0.00454797, 0.00386354, 0.00291228, 0.00205443, 0.00140114, 0.000944425, 0.000634126, 0.000425993, 0.000284149, 0.000191032, 0.000128136, 8.77549e-05, 5.97486e-05, 4.06308e-05, 2.77719e-05, 1.92175e-05, 1.31321e-05, 9.00741e-06, 6.2264e-06, 4.36171e-06, 3.0565e-06, 2.11995e-06, 1.49768e-06, 1.08487e-06, 7.68194e-07, 5.28519e-07, 3.70534e-07, 2.58485e-07, 1.91652e-07, 1.33098e-07, 9.63576e-08, 6.76875e-08, 4.77125e-08, 3.42668e-08, 2.54321e-08, 1.7748e-08, 1.31358e-08, 1.03722e-08, 7.49227e-09, 5.0625e-09, 3.74641e-09, 2.44501e-09, 1.85261e-09, 1.12726e-09, 8.92669e-10, 6.06788e-10, 5.53354e-10, 3.8995e-10, 2.6264e-10, 1.50068e-10, 1.27871e-10, 1.16829e-10, 5.30284e-11, 5.80526e-11, 1.9535e-11, 2.48249e-11, 1.13164e-11, 9.98219e-12, 1.08485e-11, 6.06195e-12, 3.06914e-12, 2.62488e-12, 4.48318e-12, 5.29708e-12, 2.07964e-12, 1.0241e-12, 4.09519e-13, 0, 3.12547e-12, 1.31672e-13, 0, 0, 0, 0, 0, 0, 0, 0, 0, 0, 0, 0, 0, 0, 0, 0, 0, 0, 0, 0, 0, 0, 0, 0, 0, 0, 0, 0, 0, 0
0.00268253, 0.0023672, 0.00192272, 0.00145425, 0.00104588, 0.000740555, 0.000521642, 0.000359537, 0.00024866, 0.000171233, 0.000117755, 8.17285e-05, 5.67706e-05, 3.93454e-05, 2.70868e-05, 1.85926e-05, 1.3206e-05, 9.09961e-06, 6.29713e-06, 4.42204e-06, 3.13599e-06, 2.21627e-06, 1.5209e-06, 1.06433e-06, 7.87039e-07, 5.65075e-07, 3.85208e-07, 2.73582e-07, 1.88726e-07, 1.31412e-07, 9.76393e-08, 6.80448e-08, 5.2421e-08, 3.53611e-08, 2.62567e-08, 1.83459e-08, 1.41835e-08, 9.60911e-09, 7.43164e-09, 5.02072e-09, 3.2858e-09, 2.55617e-09, 1.72369e-09, 1.42536e-09, 1.28174e-09, 6.4031e-10, 5.37864e-10, 4.57972e-10, 3.56147e-10, 2.36466e-10, 1.52852e-10, 1.30789e-10, 6.12872e-11, 5.2482e-11, 4.22047e-11, 2.43889e-11, 1.40736e-11, 1.35478e-11, 3.57177e-12, 6.96556e-12, 3.4233e-12, 6.75601e-12, 3.95566e-12, 3.30397e-12, 4.37914e-13, 9.55692e-13, 1.64054e-12, 1.7078e-12, 1.66888e-12, 9.03794e-13, 6.53301e-13, 1.77834e-12, 6.94795e-13, 0, 0, 0, 0, 0, 0, 0, 0, 0, 0, 0, 0, 0, 0, 0, 0, 0, 0, 0, 0, 0, 0, 0, 0, 0, 0, 0
0.00162492, 0.00148407, 0.00126638, 0.00101131, 0.000770989, 0.000571159, 0.000413089, 0.000294198, 0.000208956, 0.000146711, 0.000104143, 7.28987e-05, 5.14321e-05, 3.59448e-05, 2.53156e-05, 1.77413e-05, 1.23788e-05, 8.79323e-06, 6.07666e-06, 4.35853e-06, 3.09093e-06, 2.19492e-06, 1.52847e-06, 1.07728e-06, 7.69273e-07, 5.58909e-07, 4.12689e-07, 2.85534e-07, 1.99349e-07, 1.39301e-07, 9.64048e-08, 7.59844e-08, 5.39386e-08, 3.7204e-08, 2.64817e-08, 1.96447e-08, 1.36155e-08, 9.82737e-09, 7.54296e-09, 5.7855e-09, 4.44092e-09, 2.71389e-09, 2.07676e-09, 1.55068e-09, 1.28578e-09, 1.00927e-09, 6.50162e-10, 4.13883e-10, 3.1156e-10, 2.59799e-10, 2.34869e-10, 1.19922e-10, 5.43534e-11, 5.00644e-11, 5.04945e-11, 3.41486e-11, 3.27513e-11, 2.57719e-11, 2.65742e-11, 2.07034e-11, 1.60855e-11, 2.59e-11, 3.63069e-11, 9.79141e-12, 1.14343e-11, 7.8344e-12, 6.27833e-13, 8.01968e-12, 4.84839e-12, 1.03037e-12, 8.71697e-13, 7.27981e-13, 0, 0, 0, 0, 0, 0, 0, 0, 0, 0, 0, 0, 0, 0, 0, 0, 0, 0, 0, 0, 0, 0, 0, 0, 0, 0, 0, 0
0.00103047, 0.000955182, 0.000840273, 0.00069312, 0.000552177, 0.000424869, 0.000318637, 0.000234242, 0.000171589, 0.000123375, 8.90641e-05, 6.42155e-05, 4.55797e-05, 3.24e-05, 2.33286e-05, 1.65346e-05, 1.16653e-05, 8.22699e-06, 5.80794e-06, 4.18643e-06, 2.94112e-06, 2.11613e-06, 1.49642e-06, 1.05518e-06, 7.5991e-07, 5.3762e-07, 3.95535e-07, 2.85566e-07, 1.95791e-07, 1.41428e-07, 1.01472e-07, 7.27472e-08, 5.36616e-08, 3.76495e-08, 2.61197e-08, 1.78359e-08, 1.45328e-08, 1.15227e-08, 9.0173e-09, 6.39345e-09, 4.53584e-09, 3.01421e-09, 2.26234e-09, 1.73419e-09, 1.11801e-09, 7.93066e-10, 6.63271e-10, 4.20475e-10, 3.9082e-10, 2.05573e-10, 1.67825e-10, 1.3932e-10, 1.01538e-10, 6.87671e-11, 4.12143e-11, 3.0827e-11, 2.47957e-11, 1.54935e-11, 1.64369e-11, 9.66356e-12, 2.21454e-11, 4.76948e-12, 3.78491e-12, 1.94415e-12, 8.34204e-12, 1.42643e-11, 5.17166e-12, 5.17213e-12, 0, 0, 0, 0, 0, 0, 0, 0, 0, 0, 0, 0, 0, 0, 0, 0, 0, 0, 0, 0, 0, 0, 0, 0, 0, 0, 0, 0, 0, 0, 0, 0
0.000661534, 0.000625882, 0.000566636, 0.000481862, 0.000393526, 0.00031234, 0.000241805, 0.000182309, 0.000135957, 0.00010069, 7.39142e-05, 5.44727e-05, 3.92165e-05, 2.86645e-05, 2.03464e-05, 1.48798e-05, 1.0626e-05, 7.53279e-06, 5.36964e-06, 3.89095e-06, 2.75946e-06, 1.9744e-06, 1.40251e-06, 1.01576e-06, 7.27009e-07, 5.22492e-07, 3.73189e-07, 2.81729e-07, 1.87526e-07, 1.38958e-07, 1.0746e-07, 7.6179e-08, 5.15708e-08, 3.89524e-08, 2.95763e-08, 2.0985e-08, 1.34666e-08, 1.12732e-08, 8.9697e-09, 5.98928e-09, 4.42708e-09, 3.63429e-09, 2.61565e-09, 1.82497e-09, 1.36452e-09, 1.02923e-09, 7.59717e-10, 4.01375e-10, 3.37341e-10, 3.44664e-10, 1.85562e-10, 1.20719e-10, 1.26622e-10, 4.42714e-11, 4.44841e-11, 2.9701e-11, 2.31126e-11, 1.85309e-11, 1.1072e-11, 8.15898e-12, 4.89873e-12, 3.81589e-12, 4.26215e-12, 3.68945e-12, 3.21949e-12, 7.04692e-12, 5.90806e-12, 3.74667e-12, 1.09713e-12, 0, 0, 0, 1.42232e-13, 1.32166e-13, 1.42604e-13, 5.737e-14, 1.08293e-13, 1.72038e-14, 0, 0, 0, 0, 0, 0, 0, 0, 0, 0, 0, 0, 0, 0, 0, 0, 0, 0, 0, 0, 0, 0
0.000431291, 0.000423274, 0.000382943, 0.000330714, 0.000279356, 0.000229096, 0.000181886, 0.000140571, 0.000107638, 8.09337e-05, 6.00531e-05, 4.49023e-05, 3.30685e-05, 2.42508e-05, 1.75847e-05, 1.29495e-05, 9.57786e-06, 6.77813e-06, 4.86645e-06, 3.5171e-06, 2.56854e-06, 1.84502e-06, 1.34301e-06, 9.42456e-07, 6.75893e-07, 5.06114e-07, 3.74212e-07, 2.60065e-07, 1.89508e-07, 1.32219e-07, 1.03291e-07, 7.33352e-08, 5.37569e-08, 3.94636e-08, 3.00146e-08, 2.09496e-08, 1.46458e-08, 1.05888e-08, 7.74192e-09, 5.92788e-09, 4.46954e-09, 2.91594e-09, 2.40349e-09, 1.88636e-09, 1.39022e-09, 8.58283e-10, 6.9451e-10, 5.32705e-10, 2.99819e-10, 2.18368e-10, 1.4913e-10, 1.1025e-10, 8.51426e-11, 7.0835e-11, 5.94154e-11, 3.59523e-11, 2.06767e-11, 1.75705e-11, 9.06755e-12, 4.9443e-12, 6.07503e-12, 5.04185e-12, 5.02236e-12, 2.0596e-12, 2.57679e-12, 3.05668e-12, 5.43137e-13, 4.42224e-12, 2.44176e-12, 1.48751e-12, 1.34876e-12, 1.28208e-13, 2.45418e-14, 0, 0, 0, 0, 8.34972e-14, 0, 0, 0, 0, 0, 0, 0, 0, 0, 0, 0, 0, 0, 0, 0, 0, 0, 0, 0, 0, 0, 0
0.000299709, 0.000284121, 0.000261695, 0.000229588, 0.0001977, 0.0001645, 0.000134151, 0.00010601, 8.35933e-05, 6.41457e-05, 4.79653e-05, 3.64026e-05, 2.75217e-05, 2.03917e-05, 1.51023e-05, 1.1124e-05, 8.28507e-06, 5.99345e-06, 4.36954e-06, 3.17854e-06, 2.31728e-06, 1.71442e-06, 1.22897e-06, 9.02407e-07, 6.50817e-07, 4.67174e-07, 3.50842e-07, 2.53412e-07, 1.7407e-07, 1.25658e-07, 9.5642e-08, 7.09694e-08, 4.96986e-08, 3.83734e-08, 2.74421e-08, 2.00178e-08, 1.42415e-08, 1.08702e-08, 8.26456e-09, 5.40467e-09, 3.77411e-09, 3.23876e-09, 2.24969e-09, 1.6476e-09, 1.18376e-09, 9.15931e-10, 5.17373e-10, 4.45876e-10, 3.07293e-10, 2.5464e-10, 1.53501e-10, 1.13211e-10, 8.14256e-11, 6.19058e-11, 5.6049e-11, 4.75108e-11, 2.09752e-11, 1.34936e-11, 9.4811e-12, 7.92565e-12, 7.1176e-12, 6.882e-12, 9.13478e-12, 6.22912e-12, 5.8242e-12, 7.91142e-13, 1.71438e-12, 1.99761e-12, 2.09346e-12, 3.90783e-12, 3.24964e-12, 5.95895e-13, 4.49537e-13, 0, 0, 0, 6.78418e-13, 4.2474e-13, 0, 0, 0, 0, 0, 0, 0, 0, 0, 0, 0, 0, 0, 0, 0, 0, 0, 0, 0, 0, 0, 0
0.000202831, 0.000192714, 0.00018024, 0.000161105, 0.00014172, 0.0001197, 9.89371e-05, 8.00116e-05, 6.44838e-05, 4.97043e-05, 3.81185e-05, 2.92592e-05, 2.23963e-05, 1.68652e-05, 1.26454e-05, 9.59306e-06, 7.13596e-06, 5.22102e-06, 3.88753e-06, 2.80082e-06, 2.11294e-06, 1.55201e-06, 1.11438e-06, 8.12229e-07, 5.72317e-07, 4.33146e-07, 3.09773e-07, 2.25343e-07, 1.63815e-07, 1.21063e-07, 8.78987e-08, 6.53105e-08, 4.58343e-08, 3.55807e-08, 2.58466e-08, 2.03151e-08, 1.37086e-08, 1.01997e-08, 7.46563e-09, 5.45632e-09, 4.09518e-09, 3.54332e-09, 2.19344e-09, 1.44395e-09, 9.7222e-10, 1.02814e-09, 6.10704e-10, 4.22566e-10, 3.59417e-10, 2.98875e-10, 1.72297e-10, 1.40406e-10, 8.63034e-11, 6.38134e-11, 6.89432e-11, 4.70131e-11, 2.48928e-11, 2.18019e-11, 1.01783e-11, 8.97459e-12, 1.5395e-11, 1.29144e-11, 5.06166e-12, 4.515e-12, 8.25408e-12, 3.73717e-12, 3.43227e-12, 4.10025e-12, 2.06406e-12, 1.83327e-12, 1.51583e-12, 0, 2.17665e-12, 0, 0, 0, 2.35291e-13, 1.08451e-12, 0, 0, 0, 0, 0, 0, 0, 0, 0, 0, 0, 0, 0, 0, 0, 0, 0, 0, 0, 0, 0, 0
0.000142704, 0.000137019, 0.000126388, 0.000113012, 0.000100695, 8.69816e-05, 7.24686e-05, 5.95281e-05, 4.81088e-05, 3.78445e-05, 2.95891e-05, 2.34247e-05, 1.82154e-05, 1.38778e-05, 1.04848e-05, 8.02222e-06, 5.97718e-06, 4.43747e-06, 3.34472e-06, 2.47231e-06, 1.84434e-06, 1.35775e-06, 9.78325e-07, 7.40634e-07, 5.42019e-07, 3.90602e-07, 2.83119e-07, 2.10142e-07, 1.54325e-07, 1.1005e-07, 8.23209e-08, 6.24013e-08, 4.53209e-08, 3.25286e-08, 2.45342e-08, 1.83191e-08, 1.24658e-08, 9.94307e-09, 7.13387e-09, 5.75371e-09, 4.19114e-09, 2.91457e-09, 1.94742e-09, 1.32855e-09, 1.17554e-09, 9.36036e-10, 6.82356e-10, 4.55798e-10, 3.56238e-10, 2.40815e-10, 2.10116e-10, 1.42078e-10, 1.16427e-10, 7.77087e-11, 5.86815e-11, 6.0936e-11, 2.89099e-11, 2.58292e-11, 1.29354e-11, 1.06633e-11, 5.75631e-12, 4.28497e-12, 4.53856e-12, 4.86199e-12, 4.55632e-12, 2.84273e-12, 3.12661e-12, 4.33147e-12, 2.35341e-12, 1.70196e-12, 7.26802e-13, 0, 1.75259e-13, 3.35597e-13, 0, 0, 6.10652e-13, 0, 0, 0, 0, 0, 0, 0, 0, 0, 0, 0, 0, 0, 0, 0, 0, 0, 0, 0, 0, 0, 0, 0
9.37196e-05, 9.43423e-05, 8.83496e-05, 7.85861e-05, 7.25408e-05, 6.26274e-05, 5.37497e-05, 4.39931e-05, 3.60501e-05, 2.89326e-05, 2.33473e-05, 1.85682e-05, 1.44432e-05, 1.10946e-05, 8.55397e-06, 6.61213e-06, 4.97251e-06, 3.71652e-06, 2.80409e-06, 2.11297e-06, 1.59082e-06, 1.19274e-06, 8.74501e-07, 6.62875e-07, 4.86491e-07, 3.62627e-07, 2.62297e-07, 1.95037e-07, 1.46846e-07, 1.04619e-07, 7.60639e-08, 5.8586e-08, 4.35968e-08, 3.10646e-08, 2.23796e-08, 1.73592e-08, 1.34678e-08, 8.83456e-09, 6.72665e-09, 5.53182e-09, 3.40003e-09, 2.67514e-09, 1.97416e-09, 1.5336e-09, 1.13975e-09, 7.88142e-10, 7.08534e-10, 5.32217e-10, 3.16997e-10, 2.478e-10, 1.69143e-10, 1.47501e-10, 8.87044e-11, 7.53842e-11, 7.86439e-11, 4.92285e-11, 4.46454e-11, 2.22999e-11, 1.07258e-11, 5.57621e-12, 6.01977e-12, 6.09461e-12, 9.48666e-13, 1.14251e-12, 4.38577e-12, 1.55925e-12, 1.92368e-12, 1.95618e-12, 1.85281e-12, 1.29469e-12, 6.0844e-13, 1.44217e-13, 0, 5.56093e-13, 2.23678e-13, 3.85327e-13, 8.12126e-13, 0, 0, 0, 0, 0, 0, 0, 0, 0, 0, 0, 0, 0, 0, 0, 0, 0, 0, 0, 0, 0, 0, 0
6.58647e-05, 6.55977e-05, 6.12169e-05, 5.64181e-05, 5.12687e-05, 4.54309e-05, 3.88817e-05, 3.26283e-05, 2.73698e-05, 2.2121e-05, 1.80473e-05, 1.45412e-05, 1.13288e-05, 8.87405e-06, 6.99651e-06, 5.34897e-06, 4.16124e-06, 3.12578e-06, 2.38295e-06, 1.75111e-06, 1.34707e-06, 1.03879e-06, 7.61021e-07, 5.70794e-07, 4.24639e-07, 3.16789e-07, 2.38203e-07, 1.70689e-07, 1.29621e-07, 9.62132e-08, 7.09117e-08, 5.20561e-08, 3.98748e-08, 3.06152e-08, 2.24664e-08, 1.62883e-08, 1.17112e-08, 8.72502e-09, 6.34595e-09, 4.53899e-09, 3.2058e-09, 2.41459e-09, 2.05345e-09, 1.46361e-09, 9.3927e-10, 8.73162e-10, 5.78448e-10, 4.58774e-10, 2.9364e-10, 1.98209e-10, 2.37484e-10, 1.6151e-10, 9.98564e-11, 7.49584e-11, 4.71662e-11, 3.73704e-11, 3.3616e-11, 2.21062e-11, 1.90739e-11, 1.90344e-11, 3.94392e-12, 2.62823e-12, 4.88919e-14, 6.70651e-13, 2.16333e-12, 3.05344e-12, 1.32877e-12, 2.79245e-13, 1.32766e-12, 2.12697e-13, 1.69509e-13, 0, 3.95158e-13, 5.21676e-13, 5.44525e-13, 1.3102e-13, 3.38884e-13, 0, 0, 0, 0, 0, 0, 0, 0, 0, 0, 0, 0, 0, 0, 0, 0, 0, 0, 0, 0, 0, 0, 0
4.6458e-05, 4.70265e-05, 4.38058e-05, 4.01993e-05, 3.61696e-05, 3.2736e-05, 2.84563e-05, 2.44688e-05, 2.03193e-05, 1.68641e-05, 1.37097e-05, 1.11476e-05, 8.89718e-06, 6.97902e-06, 5.52825e-06, 4.32486e-06, 3.41757e-06, 2.59779e-06, 1.97961e-06, 1.49949e-06, 1.14888e-06, 8.57643e-07, 6.38098e-07, 4.96641e-07, 3.76542e-07, 2.8045e-07, 2.02555e-07, 1.54588e-07, 1.12486e-07, 8.49538e-08, 6.21488e-08, 4.69175e-08, 3.75797e-08, 2.69394e-08, 2.08014e-08, 1.45901e-08, 1.04953e-08, 7.86295e-09, 6.02185e-09, 4.3093e-09, 3.18317e-09, 2.78246e-09, 1.81946e-09, 1.37507e-09, 1.16654e-09, 8.49687e-10, 6.78327e-10, 3.85895e-10, 2.99359e-10, 2.00144e-10, 1.83929e-10, 1.54438e-10, 1.22154e-10, 8.17121e-11, 5.90328e-11, 4.06646e-11, 2.79403e-11, 2.52259e-11, 1.34485e-11, 1.3711e-11, 6.34925e-12, 2.17972e-12, 9.86377e-13, 8.35875e-13, 1.14237e-12, 2.62004e-12, 1.10857e-12, 5.14944e-13, 2.87724e-12, 7.92518e-13, 9.61566e-13, 5.50686e-13, 2.47163e-12, 2.01561e-12, 0, 0, 7.48078e-14, 7.80281e-13, 4.85581e-14, 0, 0, 0, 0, 0, 0, 0, 0, 0, 0, 0, 0, 0, 0, 0, 0, 0, 0, 0, 0, 0
3.39234e-05, 3.39373e-05, 3.08515e-05, 2.86947e-05, 2.58207e-05, 2.36001e-05, 2.07879e-05, 1.80429e-05, 1.53681e-05, 1.25633e-05, 1.04862e-05, 8.71487e-06, 6.9719e-06, 5.57327e-06, 4.38516e-06, 3.47034e-06, 2.70654e-06, 2.11818e-06, 1.58897e-06, 1.25792e-06, 9.52237e-07, 7.245e-07, 5.60868e-07, 4.16474e-07, 3.19345e-07, 2.39843e-07, 1.82927e-07, 1.33864e-07, 1.00478e-07, 7.38258e-08, 5.41e-08, 4.14769e-08, 3.20646e-08, 2.4526e-08, 1.869e-08, 1.30198e-08, 9.26196e-09, 8.07119e-09, 5.89364e-09, 4.09797e-09, 3.34044e-09, 2.31113e-09, 1.83262e-09, 1.34849e-09, 8.77245e-10, 6.9292e-10, 5.49035e-10, 3.34184e-10, 3.03222e-10, 1.7934e-10, 1.60647e-10, 1.47801e-10, 1.26746e-10, 6.29857e-11, 4.83591e-11, 4.56213e-11, 2.80761e-11, 1.59305e-11, 2.41127e-11, 1.13539e-11, 8.58236e-12, 3.29457e-12, 2.47321e-12, 7.95358e-13, 8.98107e-13, 1.92561e-13, 1.92614e-12, 8.1145e-13, 2.16574e-13, 4.24599e-13, 1.9808e-13, 1.68403e-13, 1.39799e-12, 3.40584e-13, 3.71287e-13, 7.95286e-14, 2.20009e-13, 6.58013e-14, 2.31584e-13, 7.44714e-14, 0, 0, 0, 0, 0, 0, 0, 0, 0, 0, 0, 0, 0, 0, 0, 0, 0, 0, 0, 0
2.34405e-05, 2.26469e-05, 2.20579e-05, 2.03101e-05, 1.86174e-05, 1.68976e-05, 1.51845e-05, 1.31518e-05, 1.10662e-05, 9.41719e-06, 8.05808e-06, 6.6878e-06, 5.44607e-06, 4.28185e-06, 3.50021e-06, 2.76227e-06, 2.18054e-06, 1.68648e-06, 1.31394e-06, 1.01322e-06, 7.89467e-07, 6.16272e-07, 4.56959e-07, 3.54778e-07, 2.6777e-07, 2.02804e-07, 1.57448e-07, 1.15386e-07, 8.74419e-08, 6.63495e-08, 4.78335e-08, 3.7647e-08, 2.83762e-08, 2.19716e-08, 1.57117e-08, 1.22417e-08, 9.99681e-09, 7.04233e-09, 5.40959e-09, 3.94387e-09, 3.25955e-09, 2.02171e-09, 1.47269e-09, 1.15921e-09, 8.01443e-10, 5.66098e-10, 4.90945e-10, 3.78046e-10, 2.99656e-10, 2.07984e-10, 1.48909e-10, 8.23963e-11, 1.33917e-10, 4.86807e-11, 4.69998e-11, 3.35704e-11, 3.11324e-11, 1.94026e-11, 1.24716e-11, 1.31864e-11, 1.01129e-11, 4.24173e-12, 3.55613e-12, 2.91136e-12, 1.35438e-12, 7.27112e-13, 6.96775e-13, 1.23638e-12, 1.08657e-13, 6.95099e-14, 1.55271e-13, 0, 0, 1.38907e-13, 1.26774e-13, 0, 5.44545e-13, 1.86314e-13, 3.07629e-13, 1.03845e-13, 0, 0, 0, 0, 0, 0, 0, 0, 0, 0, 0, 0, 0, 0, 0, 0, 0, 0, 0, 0
1.72507e-05, 1.67445e-05, 1.60561e-05, 1.45705e-05, 1.31346e-05, 1.23825e-05, 1.10921e-05, 9.6101e-06, 8.26277e-06, 7.18149e-06, 6.12164e-06, 5.07186e-06, 4.15769e-06, 3.4096e-06, 2.74013e-06, 2.18334e-06, 1.71366e-06, 1.37267e-06, 1.0649e-06, 8.1227e-07, 6.52643e-07, 4.972e-07, 3.85733e-07, 3.08974e-07, 2.32968e-07, 1.74375e-07, 1.29042e-07, 1.02891e-07, 7.8971e-08, 6.02605e-08, 4.39115e-08, 3.28376e-08, 2.34728e-08, 1.75886e-08, 1.4923e-08, 9.81022e-09, 8.34222e-09, 5.931e-09, 4.54502e-09, 3.62111e-09, 2.59009e-09, 1.91801e-09, 1.33147e-09, 9.69691e-10, 7.50807e-10, 6.05904e-10, 4.00732e-10, 3.34708e-10, 2.62042e-10, 1.79575e-10, 1.41687e-10, 1.14839e-10, 9.79887e-11, 6.20201e-11, 4.46561e-11, 2.72599e-11, 1.97484e-11, 1.80628e-11, 1.37879e-11, 8.03521e-12, 1.02847e-11, 6.5588e-12, 3.19495e-12, 2.61423e-12, 1.1035e-12, 7.10676e-13, 2.20765e-13, 8.11262e-13, 2.23562e-13, 9.34871e-14, 3.89347e-14, 1.40545e-13, 6.24226e-14, 4.81761e-14, 2.0775e-13, 2.02655e-13, 9.82837e-13, 2.93995e-13, 0, 0, 0, 0, 0, 0, 0, 0, 0, 0, 0, 0, 0, 0, 0, 0, 0, 0, 0, 0, 0, 0
1.26416e-05, 1.15783e-05, 1.13379e-05, 1.07005e-05, 9.52049e-06, 8.94597e-06, 8.07496e-06, 7.2052e-06, 6.12005e-06, 5.33322e-06, 4.57808e-06, 3.81919e-06, 3.13996e-06, 2.65515e-06, 2.2038e-06, 1.79955e-06, 1.3935e-06, 1.1085e-06, 8.87273e-07, 6.77532e-07, 5.42199e-07, 4.05793e-07, 3.33261e-07, 2.56328e-07, 1.85163e-07, 1.48327e-07, 1.1405e-07, 8.81683e-08, 6.96126e-08, 4.98626e-08, 3.60158e-08, 2.7493e-08, 2.16604e-08, 1.58286e-08, 1.26237e-08, 9.00653e-09, 6.50598e-09, 5.34613e-09, 4.00037e-09, 3.40132e-09, 2.55344e-09, 1.83213e-09, 1.27829e-09, 9.11515e-10, 6.78076e-10, 5.79702e-10, 3.85014e-10, 2.97813e-10, 2.24727e-10, 1.47635e-10, 1.42946e-10, 1.37475e-10, 1.00847e-10, 6.40741e-11, 4.21886e-11, 2.71801e-11, 2.3728e-11, 2.6094e-11, 1.91726e-11, 1.34286e-11, 9.17017e-12, 4.17939e-12, 3.13046e-12, 5.1676e-12, 7.06127e-13, 7.45512e-13, 7.27538e-13, 6.25621e-13, 5.28964e-13, 7.12801e-13, 1.53087e-13, 2.53556e-13, 3.6998e-13, 2.15264e-13, 3.79374e-13, 5.9182e-13, 1.90774e-13, 0, 0, 0, 0, 0, 0, 0, 0, 0, 0, 0, 0, 0, 0, 0, 0, 0, 0, 0, 0, 0, 0, 0
8.51014e-06, 8.17447e-06, 7.96112e-06, 7.85713e-06, 6.95415e-06, 6.52785e-06, 5.69523e-06, 5.16019e-06, 4.5638e-06, 3.90124e-06, 3.47125e-06, 2.95177e-06, 2.4319e-06, 1.94685e-06, 1.65663e-06, 1.36763e-06, 1.10994e-06, 8.55372e-07, 6.70059e-07, 5.37975e-07, 4.40297e-07, 3.42416e-07, 2.65566e-07, 2.03127e-07, 1.5747e-07, 1.19508e-07, 9.57871e-08, 7.55115e-08, 5.53552e-08, 4.39709e-08, 3.34828e-08, 2.56349e-08, 2.02712e-08, 1.46514e-08, 1.10858e-08, 7.6432e-09, 5.8067e-09, 4.69138e-09, 3.7418e-09, 2.99012e-09, 2.55119e-09, 1.93706e-09, 1.21269e-09, 7.00764e-10, 6.38675e-10, 5.12494e-10, 3.00118e-10, 2.59664e-10, 1.78563e-10, 1.46568e-10, 1.31851e-10, 1.08359e-10, 5.76291e-11, 5.74192e-11, 3.47584e-11, 2.65525e-11, 1.74334e-11, 1.30404e-11, 9.76517e-12, 9.34604e-12, 8.32074e-12, 3.03793e-12, 2.06554e-12, 2.71533e-12, 6.63479e-13, 2.66158e-13, 3.39989e-13, 0, 1.45013e-13, 3.25821e-13, 7.05026e-13, 6.88641e-13, 5.0025e-14, 2.32235e-13, 1.00995e-12, 2.35666e-14, 3.65614e-13, 0, 0, 0, 0, 0, 0, 0, 0, 0, 0, 0, 0, 0, 0, 0, 0, 0, 0, 0, 0, 0, 0, 0
6.35195e-06, 5.96433e-06, 5.82636e-06, 5.57107e-06, 5.02852e-06, 4.54551e-06, 4.182e-06, 3.81325e-06, 3.34651e-06, 3.01519e-06, 2.58129e-06, 2.20464e-06, 1.84468e-06, 1.54341e-06, 1.29087e-06, 1.05266e-06, 8.80835e-07, 6.86366e-07, 5.39369e-07, 4.46602e-07, 3.48799e-07, 2.77794e-07, 2.22456e-07, 1.77262e-07, 1.32062e-07, 9.96176e-08, 8.12751e-08, 6.41184e-08, 5.02617e-08, 3.74923e-08, 2.78092e-08, 2.0156e-08, 1.68939e-08, 1.20895e-08, 8.74214e-09, 7.24405e-09, 5.15404e-09, 3.87934e-09, 2.75118e-09, 2.3131e-09, 2.16513e-09, 1.41402e-09, 9.81971e-10, 7.06254e-10, 5.12432e-10, 4.46599e-10, 3.2925e-10, 2.77573e-10, 1.7933e-10, 1.63923e-10, 1.04869e-10, 7.97181e-11, 5.20092e-11, 4.89689e-11, 4.19552e-11, 1.88681e-11, 2.07209e-11, 1.62691e-11, 1.53705e-11, 9.64695e-12, 8.46054e-12, 5.30031e-12, 3.2879e-12, 3.39568e-12, 1.33519e-12, 2.27256e-12, 7.61788e-13, 4.32809e-13, 1.97236e-13, 4.69092e-13, 6.97362e-13, 4.88122e-13, 3.63533e-13, 7.70941e-14, 1.41727e-13, 7.00435e-14, 2.63118e-13, 1.00701e-13, 0, 0, 0, 0, 0, 0, 0, 0, 0, 0, 0, 0, 0, 0, 0, 0, 0, 0, 0, 0, 0, 0
4.39987e-06, 4.15914e-06, 4.14615e-06, 4.06565e-06, 3.65049e-06, 3.44017e-06, 3.1104e-06, 2.80273e-06, 2.44529e-06, 2.17525e-06, 1.93059e-06, 1.63012e-06, 1.38343e-06, 1.17929e-06, 1.00228e-06, 8.09514e-07, 6.68137e-07, 5.43106e-07, 4.1538e-07, 3.5727e-07, 2.98535e-07, 2.28597e-07, 1.84815e-07, 1.38564e-07, 1.06645e-07, 8.73216e-08, 6.7477e-08, 5.1674e-08, 4.24437e-08, 3.11622e-08, 2.29592e-08, 1.75607e-08, 1.44381e-08, 1.07502e-08, 8.61836e-09, 5.94518e-09, 5.05413e-09, 4.03232e-09, 2.86101e-09, 2.15722e-09, 1.77367e-09, 1.37946e-09, 9.56183e-10, 6.91006e-10, 5.11778e-10, 4.4e-10, 3.09189e-10, 2.39024e-10, 1.79315e-10, 1.15307e-10, 7.81052e-11, 7.01827e-11, 6.64812e-11, 3.77998e-11, 3.84159e-11, 3.93714e-11, 1.92771e-11, 9.96282e-12, 9.58602e-12, 7.45578e-12, 3.37996e-12, 6.15534e-12, 1.62191e-12, 5.00467e-12, 3.17983e-12, 3.67475e-12, 7.80455e-13, 4.09525e-13, 2.5979e-13, 9.7283e-14, 2.48743e-13, 5.05192e-14, 1.35561e-13, 2.59542e-14, 1.95927e-13, 0, 1.67653e-13, 0, 0, 0, 0, 0, 0, 0, 0, 0, 0, 0, 0, 0, 0, 0, 0, 0, 0, 0, 0, 0, 0, 0
3.48361e-06, 3.18405e-06, 3.03745e-06, 2.90539e-06, 2.6449e-06, 2.48721e-06, 2.20306e-06, 2.04452e-06, 1.83767e-06, 1.5646e-06, 1.4312e-06, 1.21769e-06, 1.02395e-06, 8.7896e-07, 7.60217e-07, 6.46557e-07, 5.11871e-07, 4.16111e-07, 3.39255e-07, 2.712e-07, 2.21464e-07, 1.8608e-07, 1.42958e-07, 1.16337e-07, 8.75056e-08, 6.82682e-08, 5.67887e-08, 4.28648e-08, 3.69565e-08, 2.63635e-08, 2.08051e-08, 1.59578e-08, 1.19512e-08, 9.57112e-09, 7.00523e-09, 5.36747e-09, 4.13772e-09, 3.45158e-09, 2.4083e-09, 1.80337e-09, 1.27701e-09, 1.04439e-09, 8.61605e-10, 5.97249e-10, 3.79005e-10, 3.22506e-10, 2.46651e-10, 1.91333e-10, 1.46804e-10, 1.08153e-10, 7.39328e-11, 8.55078e-11, 4.45347e-11, 3.055e-11, 2.37857e-11, 2.59467e-11, 1.99013e-11, 1.40973e-11, 1.48362e-11, 8.81685e-12, 3.97922e-12, 2.31357e-12, 1.30639e-12, 2.3259e-12, 3.00415e-13, 7.71488e-13, 2.06834e-13, 7.75318e-13, 1.2215e-13, 3.87519e-13, 1.15392e-13, 0, 0, 0, 0, 0, 0, 0, 0, 0, 0, 0, 0, 0, 0, 0, 0, 0, 0, 0, 0, 0, 0, 0, 0, 0, 0, 0, 0, 0
2.50618e-06, 2.51699e-06, 2.35416e-06, 2.12926e-06, 1.99987e-06, 1.79799e-06, 1.65032e-06, 1.48993e-06, 1.3384e-06, 1.15393e-06, 1.06772e-06, 9.29096e-07, 7.78673e-07, 6.82486e-07, 5.68145e-07, 4.8591e-07, 4.10995e-07, 3.42788e-07, 2.59341e-07, 2.12895e-07, 1.77964e-07, 1.43257e-07, 1.17113e-07, 9.02054e-08, 7.12527e-08, 6.15315e-08, 4.40306e-08, 3.77986e-08, 3.06061e-08, 2.19746e-08, 1.73371e-08, 1.41827e-08, 1.01272e-08, 7.8381e-09, 5.42374e-09, 4.91746e-09, 3.83092e-09, 2.82006e-09, 2.17033e-09, 1.61955e-09, 1.30063e-09, 9.84797e-10, 7.34325e-10, 4.59457e-10, 3.42399e-10, 3.40406e-10, 2.51705e-10, 1.93471e-10, 1.40095e-10, 1.03812e-10, 8.4313e-11, 6.48372e-11, 4.45016e-11, 2.63246e-11, 1.97206e-11, 1.46607e-11, 2.09706e-11, 1.14303e-11, 1.21102e-11, 8.48758e-12, 5.05276e-12, 5.78588e-12, 6.83636e-13, 1.07854e-12, 3.91799e-13, 1.15621e-12, 2.54133e-13, 3.23508e-13, 9.63665e-14, 4.01256e-14, 5.78781e-14, 0, 0, 0, 0, 0, 0, 0, 0, 0, 0, 0, 0, 0, 0, 0, 0, 0, 0, 0, 0, 0, 0, 0, 0, 0, 0, 0, 0, 0
1.68339e-06, 1.84092e-06, 1.66249e-06, 1.56993e-06, 1.43272e-06, 1.28173e-06, 1.28542e-06, 1.14689e-06, 1.04054e-06, 8.89962e-07, 7.8827e-07, 6.91246e-07, 5.79591e-07, 4.95027e-07, 4.38084e-07, 3.67831e-07, 3.20253e-07, 2.61169e-07, 2.15793e-07, 1.70787e-07, 1.3532e-07, 1.12549e-07, 9.06687e-08, 7.47036e-08, 5.96994e-08, 4.72211e-08, 3.54473e-08, 3.09812e-08, 2.55889e-08, 1.93918e-08, 1.41248e-08, 1.05919e-08, 9.14645e-09, 7.42932e-09, 5.46915e-09, 4.53695e-09, 2.80342e-09, 2.33793e-09, 2.08374e-09, 1.43209e-09, 9.4776e-10, 8.14842e-10, 7.37103e-10, 4.5242e-10, 3.46422e-10, 2.9407e-10, 2.64889e-10, 1.93342e-10, 1.34619e-10, 9.41478e-11, 7.88002e-11, 1.03855e-10, 7.92157e-11, 3.34279e-11, 1.99929e-11, 1.32305e-11, 1.4926e-11, 9.19776e-12, 1.22707e-11, 5.28706e-12, 5.47266e-12, 7.67253e-12, 2.25998e-12, 1.26833e-12, 1.2758e-12, 1.1402e-13, 7.34073e-13, 1.84559e-13, 0, 0, 5.61759e-14, 5.37612e-14, 0, 0, 0, 0, 0, 0, 0, 0, 0, 0, 0, 0, 0, 0, 0, 0, 0, 0, 0, 0, 0, 0, 0, 0, 0, 0, 0, 0
1.59381e-06, 1.41137e-06, 1.19644e-06, 1.08971e-06, 1.00972e-06, 9.25643e-07, 9.06328e-07, 8.37186e-07, 7.69788e-07, 6.62008e-07, 6.00594e-07, 5.08904e-07, 4.29272e-07, 3.98672e-07, 3.25265e-07, 2.91532e-07, 2.33486e-07, 2.04229e-07, 1.62297e-07, 1.31315e-07, 1.11452e-07, 9.06421e-08, 7.46583e-08, 6.06234e-08, 4.87344e-08, 3.55188e-08, 3.05221e-08, 2.32452e-08, 2.03585e-08, 1.52051e-08, 1.20187e-08, 8.81348e-09, 7.10486e-09, 5.65293e-09, 5.03409e-09, 3.76981e-09, 2.57834e-09, 2.08161e-09, 1.45605e-09, 1.22806e-09, 8.46154e-10, 7.14431e-10, 5.68347e-10, 4.26183e-10, 3.52474e-10, 2.85209e-10, 1.9e-10, 1.91726e-10, 1.1046e-10, 6.91441e-11, 6.85577e-11, 5.57612e-11, 4.14252e-11, 4.40802e-11, 2.23786e-11, 2.57862e-11, 7.16903e-12, 7.15435e-12, 9.13329e-12, 4.22501e-12, 2.94001e-12, 3.47261e-12, 1.4846e-12, 1.28539e-12, 4.03498e-13, 3.8929e-14, 2.45493e-13, 1.95914e-13, 0, 0, 0, 0, 0, 0, 0, 0, 0, 0, 0, 0, 0, 0, 0, 0, 0, 0, 0, 0, 0, 0, 0, 0, 0, 0, 0, 0, 0, 0, 0, 0
9.52959e-07, 9.24584e-07, 8.91439e-07, 8.41906e-07, 7.63554e-07, 6.53839e-07, 6.26299e-07, 6.14528e-07, 5.86481e-07, 5.19963e-07, 4.55802e-07, 3.80638e-07, 3.4081e-07, 2.94541e-07, 2.56999e-07, 2.21333e-07, 1.96557e-07, 1.57359e-07, 1.33071e-07, 9.83675e-08, 8.4064e-08, 7.24924e-08, 5.63583e-08, 4.63485e-08, 3.71723e-08, 3.07218e-08, 2.54395e-08, 1.95154e-08, 1.63495e-08, 1.25257e-08, 8.91775e-09, 7.60729e-09, 5.68129e-09, 4.76991e-09, 3.57162e-09, 3.20287e-09, 2.11364e-09, 1.67692e-09, 1.2457e-09, 1.21741e-09, 8.30849e-10, 5.31415e-10, 4.77676e-10, 3.57879e-10, 2.92146e-10, 2.35634e-10, 1.74846e-10, 1.38021e-10, 1.28541e-10, 1.1057e-10, 6.69327e-11, 4.05593e-11, 4.87777e-11, 3.07972e-11, 2.06849e-11, 1.5268e-11, 9.58634e-12, 7.48371e-12, 4.79022e-12, 4.65765e-12, 2.06011e-12, 1.71453e-12, 8.73645e-13, 3.51793e-13, 9.02877e-14, 4.74242e-14, 1.31616e-13, 2.4385e-13, 0, 0, 0, 0, 0, 0, 0, 0, 0, 0, 0, 0, 0, 0, 0, 0, 0, 0, 0, 0, 0, 0, 0, 0, 0, 0, 0, 0, 0, 0, 0, 0
6.7868e-07, 6.20277e-07, 6.4e-07, 5.93747e-07, 5.59473e-07, 5.13006e-07, 4.83631e-07, 4.33637e-07, 4.19861e-07, 3.73857e-07, 3.44105e-07, 3.0195e-07, 2.66799e-07, 2.3244e-07, 1.96564e-07, 1.68534e-07, 1.40223e-07, 1.12944e-07, 1.00091e-07, 8.24975e-08, 6.63568e-08, 5.51098e-08, 4.39e-08, 3.62087e-08, 2.99171e-08, 2.411e-08, 2.07204e-08, 1.58908e-08, 1.26766e-08, 9.79515e-09, 8.4078e-09, 6.68539e-09, 4.56749e-09, 3.3085e-09, 3.04994e-09, 2.8757e-09, 1.83726e-09, 1.59863e-09, 1.24975e-09, 8.77767e-10, 6.44296e-10, 5.54712e-10, 4.35376e-10, 3.56971e-10, 2.82124e-10, 2.21775e-10, 1.634e-10, 1.19993e-10, 8.79359e-11, 8.13716e-11, 5.94219e-11, 5.13557e-11, 4.01384e-11, 2.92659e-11, 2.6465e-11, 2.15837e-11, 1.26028e-11, 1.065e-11, 2.52545e-12, 2.74469e-12, 2.19063e-12, 1.4017e-12, 9.39427e-13, 4.03435e-13, 3.17494e-13, 6.69092e-14, 6.19032e-13, 0, 0, 0, 0, 0, 0, 0, 0, 0, 0, 0, 0, 0, 0, 0, 0, 0, 0, 0, 0, 0, 0, 0, 0, 0, 0, 0, 0, 0, 0, 0, 0, 0
4.79642e-07, 4.77529e-07, 4.79254e-07, 4.676e-07, 4.39033e-07, 3.78708e-07, 3.63698e-07, 3.397e-07, 2.94927e-07, 2.6721e-07, 2.56687e-07, 2.20703e-07, 1.97794e-07, 1.65621e-07, 1.54479e-07, 1.2449e-07, 1.06496e-07, 8.37979e-08, 7.29161e-08, 5.97174e-08, 5.32274e-08, 4.33639e-08, 3.36504e-08, 2.81541e-08, 2.39336e-08, 1.97229e-08, 1.62342e-08, 1.32374e-08, 1.01964e-08, 8.43919e-09, 6.16692e-09, 5.22698e-09, 4.06939e-09, 3.22005e-09, 2.5999e-09, 2.17848e-09, 1.40958e-09, 1.33322e-09, 1.29665e-09, 7.49039e-10, 5.17543e-10, 4.87572e-10, 3.69549e-10, 2.98609e-10, 2.35544e-10, 1.53416e-10, 1.17114e-10, 8.20298e-11, 8.02376e-11, 6.31615e-11, 4.91885e-11, 4.06215e-11, 3.09151e-11, 1.71062e-11, 1.56064e-11, 1.02219e-11, 9.3188e-12, 6.99293e-12, 7.63131e-12, 2.72229e-12, 1.14306e-12, 1.51643e-12, 6.23654e-13, 1.89622e-13, 4.29201e-13, 3.34737e-13, 2.47947e-13, 0, 0, 0, 0, 0, 0, 0, 0, 0, 0, 0, 0, 0, 0, 0, 0, 0, 0, 0, 0, 0, 0, 0, 0, 0, 0, 0, 0, 0, 0, 0, 0, 0
3.25943e-07, 3.39704e-07, 3.33406e-07, 3.39786e-07, 3.3664e-07, 2.83916e-07, 2.58385e-07, 2.49438e-07, 2.15166e-07, 1.96911e-07, 1.81303e-07, 1.58984e-07, 1.41974e-07, 1.31068e-07, 1.15147e-07, 9.64049e-08, 8.00953e-08, 7.01891e-08, 5.38085e-08, 4.68323e-08, 4.06413e-08, 3.60785e-08, 2.82861e-08, 2.28132e-08, 1.85415e-08, 1.5184e-08, 1.30358e-08, 1.06443e-08, 8.45841e-09, 6.80835e-09, 4.90704e-09, 4.27669e-09, 3.1552e-09, 2.60586e-09, 2.04732e-09, 1.74254e-09, 1.31879e-09, 1.05463e-09, 8.2075e-10, 6.33487e-10, 5.02979e-10, 3.43583e-10, 2.79113e-10, 2.84395e-10, 2.15701e-10, 1.93045e-10, 1.46275e-10, 9.48079e-11, 5.9748e-11, 5.5767e-11, 6.48818e-11, 3.05027e-11, 2.27774e-11, 2.15736e-11, 1.23785e-11, 1.75827e-11, 5.1757e-12, 5.11343e-12, 7.45493e-12, 3.0578e-12, 1.72789e-12, 1.59536e-12, 4.74029e-13, 2.56081e-13, 3.58021e-13, 4.07831e-13, 1.93342e-13, 0, 0, 0, 0, 0, 0, 0, 0, 0, 0, 0, 0, 0, 0, 0, 0, 0, 0, 0, 0, 0, 0, 0, 0, 0, 0, 0, 0, 0, 0, 0, 0, 0
2.35742e-07, 2.37885e-07, 2.3174e-07, 2.43719e-07, 2.26446e-07, 2.12542e-07, 2.05206e-07, 1.8412e-07, 1.68244e-07, 1.42007e-07, 1.3135e-07, 1.1902e-07, 1.0776e-07, 9.80484e-08, 8.7339e-08, 7.91375e-08, 6.38365e-08, 5.30719e-08, 4.40539e-08, 3.59425e-08, 3.18272e-08, 2.57678e-08, 2.27411e-08, 1.7011e-08, 1.46361e-08, 1.23226e-08, 1.12389e-08, 7.76333e-09, 6.61228e-09, 5.70732e-09, 3.8308e-09, 3.30744e-09, 2.63666e-09, 2.47766e-09, 1.67576e-09, 1.47975e-09, 1.09424e-09, 9.21496e-10, 6.60421e-10, 5.25058e-10, 4.39062e-10, 3.95237e-10, 2.42815e-10, 2.32621e-10, 1.86658e-10, 1.5137e-10, 1.03906e-10, 6.52403e-11, 6.48947e-11, 4.49234e-11, 4.44204e-11, 2.83463e-11, 1.7178e-11, 1.75405e-11, 8.81594e-12, 1.2919e-11, 7.43233e-12, 5.8577e-12, 6.14163e-12, 3.44835e-12, 1.84205e-12, 1.44954e-12, 9.08835e-13, 2.17337e-13, 7.73545e-13, 2.44946e-13, 8.00708e-14, 0, 0, 0, 0, 0, 0, 0, 0, 0, 0, 0, 0, 0, 0, 0, 0, 0, 1.08537e-13, 0, 0, 0, 0, 0, 0, 0, 0, 0, 0, 0, 0, 0, 0, 0
1.91614e-07, 1.69158e-07, 1.58116e-07, 1.80448e-07, 1.57863e-07, 1.53547e-07, 1.43278e-07, 1.29474e-07, 1.26108e-07, 1.11679e-07, 9.69239e-08, 8.42806e-08, 7.56139e-08, 7.70801e-08, 7.0041e-08, 5.86152e-08, 5.03944e-08, 4.15784e-08, 3.39107e-08, 2.9238e-08, 2.56652e-08, 2.07508e-08, 1.76337e-08, 1.44859e-08, 1.16059e-08, 9.45718e-09, 8.07306e-09, 6.64645e-09, 4.43499e-09, 3.84695e-09, 3.27856e-09, 2.47167e-09, 2.23063e-09, 1.72614e-09, 1.63563e-09, 1.10286e-09, 9.82508e-10, 8.80521e-10, 5.22787e-10, 5.30736e-10, 3.47181e-10, 2.39415e-10, 2.61157e-10, 2.17844e-10, 1.17968e-10, 1.26913e-10, 9.14389e-11, 6.77959e-11, 4.69448e-11, 4.23699e-11, 3.68717e-11, 2.30123e-11, 1.73151e-11, 1.5193e-11, 1.04019e-11, 4.08924e-12, 5.44076e-12, 2.09127e-12, 8.07687e-12, 2.46334e-12, 1.11779e-12, 1.17445e-12, 6.75587e-13, 3.20231e-13, 3.77835e-13, 1.10467e-13, 1.82716e-13, 1.9024e-14, 0, 0, 0, 0, 0, 0, 0, 0, 0, 0, 0, 0, 0, 0, 0, 0, 0, 4.83087e-14, 1.52109e-13, 0, 0, 0, 0, 0, 0, 0, 0, 0, 0, 0, 0, 0
1.26014e-07, 1.11414e-07, 1.1679e-07, 1.28651e-07, 1.18438e-07, 1.06202e-07, 1.02547e-07, 9.87223e-08, 9.13408e-08, 9.02598e-08, 7.09014e-08, 6.3127e-08, 5.59821e-08, 5.72845e-08, 5.07837e-08, 4.71535e-08, 3.85611e-08, 3.16689e-08, 2.71543e-08, 2.21885e-08, 1.89828e-08, 1.64707e-08, 1.33788e-08, 1.17198e-08, 9.6558e-09, 7.65366e-09, 6.49575e-09, 4.88741e-09, 3.99917e-09, 2.89798e-09, 2.48041e-09, 1.97569e-09, 1.6113e-09, 1.49241e-09, 1.02559e-09, 9.30754e-10, 6.6214e-10, 6.03225e-10, 4.30375e-10, 3.57513e-10, 2.60507e-10, 2.02262e-10, 1.98187e-10, 2.24903e-10, 1.49041e-10, 1.08411e-10, 7.62872e-11, 4.75631e-11, 4.2613e-11, 3.8968e-11, 3.4853e-11, 2.58325e-11, 2.22839e-11, 1.42088e-11, 7.39869e-12, 7.3183e-12, 5.63905e-12, 4.28009e-12, 2.84891e-12, 4.47475e-12, 4.05389e-12, 2.99764e-12, 2.59524e-12, 1.73786e-12, 8.5484e-13, 7.93595e-13, 9.73987e-13, 1.88357e-14, 0, 3.88116e-14, 3.96677e-13, 0, 0, 0, 0, 0, 0, 0, 0, 0, 0, 0, 0, 0, 0, 0, 3.5692e-14, 0, 0, 0, 0, 0, 0, 0, 0, 0, 0, 0, 0, 0
8.40632e-08, 9.97358e-08, 8.66226e-08, 9.44247e-08, 9.09583e-08, 7.97534e-08, 8.69088e-08, 7.2672e-08, 7.27112e-08, 6.21023e-08, 5.31608e-08, 4.85263e-08, 4.37173e-08, 3.90534e-08, 3.4476e-08, 3.27526e-08, 2.97059e-08, 2.4338e-08, 2.04588e-08, 1.74554e-08, 1.37832e-08, 1.20812e-08, 9.48881e-09, 8.26111e-09, 6.52384e-09, 5.99883e-09, 5.5796e-09, 3.95665e-09, 3.18625e-09, 2.48347e-09, 2.18135e-09, 1.68356e-09, 1.42535e-09, 1.25449e-09, 9.24053e-10, 8.11082e-10, 6.26765e-10, 4.23903e-10, 4.01459e-10, 2.33208e-10, 2.36293e-10, 1.73045e-10, 1.62191e-10, 1.22562e-10, 1.06419e-10, 6.6147e-11, 5.60411e-11, 2.8244e-11, 3.30154e-11, 3.6927e-11, 2.3667e-11, 1.48796e-11, 1.08523e-11, 8.26369e-12, 6.51589e-12, 6.03412e-12, 7.31257e-12, 6.62642e-12, 5.64415e-12, 1.72747e-12, 3.28321e-12, 1.53943e-13, 1.70647e-12, 1.53185e-12, 1.15381e-12, 2.58989e-13, 1.48333e-12, 9.38656e-14, 0, 3.05384e-13, 0, 0, 0, 0, 0, 0, 0, 0, 0, 0, 0, 0, 0, 0, 0, 9.34809e-14, 0, 3.79175e-13, 0, 0, 0, 0, 0, 0, 0, 0, 0, 0, 0, 0
4.99074e-08, 6.09239e-08, 6.35874e-08, 6.74724e-08, 6.04022e-08, 6.77297e-08, 5.97323e-08, 5.16675e-08, 4.77445e-08, 4.51045e-08, 4.24653e-08, 3.91691e-08, 3.4689e-08, 3.19125e-08, 2.85589e-08, 2.42055e-08, 2.26811e-08, 1.85738e-08, 1.67071e-08, 1.33816e-08, 1.1651e-08, 1.03423e-08, 8.24439e-09, 6.85392e-09, 5.16731e-09, 5.10954e-09, 4.068e-09, 3.29547e-09, 2.32747e-09, 2.06763e-09, 1.80461e-09, 1.44582e-09, 1.11898e-09, 9.37975e-10, 7.51834e-10, 6.01591e-10, 5.14615e-10, 3.61608e-10, 2.74018e-10, 2.06875e-10, 1.72079e-10, 1.49394e-10, 9.35246e-11, 9.10091e-11, 6.93461e-11, 6.96886e-11, 4.59151e-11, 4.02364e-11, 2.32786e-11, 1.5413e-11, 1.0365e-11, 1.12403e-11, 1.0693e-11, 9.30029e-12, 1.27602e-11, 6.51289e-12, 4.5128e-12, 7.0005e-12, 3.90527e-12, 3.65743e-12, 3.38569e-12, 5.62457e-13, 6.90891e-13, 1.32678e-12, 8.51565e-13, 0, 9.72129e-14, 7.39367e-13, 3.32833e-13, 3.18078e-14, 1.22353e-13, 0, 0, 0, 0, 0, 0, 0, 0, 0, 0, 0, 0, 0, 0, 7.82065e-14, 2.61518e-13, 1.33214e-13, 0, 0, 0, 0, 0, 0, 0, 0, 0, 0, 0, 0
4.9247e-08, 5.09695e-08, 4.95366e-08, 4.52132e-08, 4.6084e-08, 4.38592e-08, 3.93167e-08, 3.66913e-08, 3.37045e-08, 3.04928e-08, 3.00437e-08, 2.88435e-08, 2.89868e-08, 2.54632e-08, 2.04545e-08, 1.94317e-08, 1.77058e-08, 1.3823e-08, 1.08479e-08, 1.06671e-08, 9.22295e-09, 7.21825e-09, 6.62888e-09, 5.21438e-09, 4.40504e-09, 3.83238e-09, 3.43641e-09, 2.39001e-09, 2.14904e-09, 1.71643e-09, 1.45998e-09, 1.30224e-09, 1.10805e-09, 7.22615e-10, 5.88836e-10, 4.69683e-10, 3.77397e-10, 3.01717e-10, 2.66388e-10, 1.80388e-10, 1.30641e-10, 1.44036e-10, 8.35494e-11, 9.2699e-11, 4.85003e-11, 5.75631e-11, 3.17692e-11, 4.49764e-11, 2.23516e-11, 1.21028e-11, 1.04611e-11, 9.982e-12, 7.36109e-12, 1.09199e-11, 8.67755e-12, 2.75157e-12, 7.47049e-12, 8.0212e-12, 2.77334e-12, 5.97708e-13, 1.67971e-12, 5.0724e-13, 1.56958e-13, 2.29867e-13, 1.32725e-12, 1.29852e-13, 2.74125e-13, 0, 6.92037e-14, 3.66213e-14, 3.12409e-13, 0, 0, 0, 0, 0, 0, 0, 0, 0, 8.7451e-14, 0, 0, 0, 0, 1.7454e-13, 4.90938e-13, 0, 0, 0, 0, 0, 0, 0, 0, 0, 0, 0, 0, 0
2.65707e-08, 3.73285e-08, 4.13991e-08, 3.5607e-08, 3.73307e-08, 3.27458e-08, 3.07254e-08, 2.82508e-08, 2.52573e-08, 2.32355e-08, 2.38749e-08, 2.19493e-08, 1.93571e-08, 1.7627e-08, 1.54118e-08, 1.34865e-08, 1.17243e-08, 1.02459e-08, 8.89502e-09, 7.26362e-09, 6.56004e-09, 5.22322e-09, 4.81319e-09, 4.22544e-09, 3.79456e-09, 3.09751e-09, 2.48131e-09, 2.23302e-09, 1.89966e-09, 1.62379e-09, 1.13522e-09, 1.21105e-09, 8.03562e-10, 6.30099e-10, 5.2843e-10, 4.14655e-10, 3.0841e-10, 3.33981e-10, 2.05809e-10, 1.37497e-10, 7.99647e-11, 1.0137e-10, 8.08858e-11, 7.59787e-11, 4.295e-11, 4.94636e-11, 4.56215e-11, 4.12027e-11, 2.54813e-11, 1.45435e-11, 1.09866e-11, 1.9636e-11, 9.7397e-12, 6.27673e-12, 4.82496e-12, 2.96421e-12, 3.61831e-12, 2.72645e-12, 3.8932e-12, 4.50954e-13, 3.04118e-13, 1.80639e-12, 1.21868e-12, 5.95934e-13, 3.99754e-13, 3.84916e-13, 4.2323e-13, 3.74741e-13, 3.59064e-13, 3.73573e-14, 5.34854e-13, 2.24039e-13, 0, 0, 0, 0, 0, 0, 1.19235e-12, 4.78673e-13, 6.99868e-13, 0, 0, 0, 3.20838e-13, 4.22565e-13, 1.06907e-13, 0, 0, 0, 0, 0, 0, 0, 0, 0, 0, 0, 0, 0
2.15985e-08, 2.49365e-08, 2.90874e-08, 3.18422e-08, 2.82883e-08, 2.41394e-08, 2.33726e-08, 2.09202e-08, 1.96144e-08, 1.92501e-08, 1.74027e-08, 1.59193e-08, 1.43023e-08, 1.21312e-08, 1.15721e-08, 1.0531e-08, 9.81868e-09, 8.9481e-09, 7.81497e-09, 6.07733e-09, 5.62279e-09, 4.45215e-09, 4.02762e-09, 3.33932e-09, 2.65946e-09, 2.2133e-09, 2.04156e-09, 1.93511e-09, 1.53084e-09, 1.23427e-09, 9.28434e-10, 7.87128e-10, 6.00219e-10, 4.7636e-10, 4.34582e-10, 2.98564e-10, 2.81688e-10, 2.19526e-10, 1.60912e-10, 1.31806e-10, 1.14476e-10, 9.27832e-11, 8.19029e-11, 5.97625e-11, 4.80765e-11, 3.40828e-11, 4.15195e-11, 3.03596e-11, 2.36967e-11, 2.28957e-11, 1.58996e-11, 8.49826e-12, 6.99457e-12, 7.4178e-12, 3.00599e-12, 6.15101e-13, 8.19254e-13, 2.39182e-12, 8.72328e-13, 8.47899e-13, 1.67664e-12, 6.57199e-13, 5.77147e-13, 5.34e-13, 3.14227e-13, 6.3341e-13, 1.46923e-13, 0, 1.21011e-13, 2.2476e-13, 6.9795e-14, 0, 0, 0, 0, 0, 5.08664e-13, 4.82509e-13, 2.31165e-13, 3.93238e-13, 5.65429e-13, 1.52553e-13, 0, 0, 7.83587e-13, 1.75095e-13, 0, 0, 0, 0, 0, 0, 0, 0, 0, 0, 0, 0, 0, 0
1.18789e-08, 2.01777e-08, 2.4175e-08, 1.98019e-08, 1.81189e-08, 1.78857e-08, 1.66264e-08, 1.73775e-08, 1.67172e-08, 1.34756e-08, 1.21038e-08, 1.07661e-08, 9.88624e-09, 9.06935e-09, 9.18293e-09, 7.68247e-09, 6.6741e-09, 6.51704e-09, 6.26637e-09, 5.2955e-09, 4.02924e-09, 2.83275e-09, 2.90439e-09, 2.4058e-09, 2.07194e-09, 1.77539e-09, 1.75288e-09, 1.30904e-09, 1.07721e-09, 9.12023e-10, 7.14336e-10, 5.08224e-10, 4.29933e-10, 3.57693e-10, 3.34657e-10, 2.41678e-10, 1.71713e-10, 1.76152e-10, 1.05477e-10, 9.3982e-11, 6.23623e-11, 6.86784e-11, 4.94197e-11, 4.15378e-11, 3.42271e-11, 1.78728e-11, 2.42716e-11, 4.05571e-11, 2.30365e-11, 1.47176e-11, 7.2631e-12, 8.06701e-12, 1.03472e-11, 4.91753e-12, 3.64575e-12, 1.65084e-12, 2.01084e-12, 9.82233e-13, 8.31165e-13, 3.31085e-13, 4.21462e-14, 1.95489e-13, 4.54009e-13, 2.55585e-12, 1.13302e-13, 2.41779e-13, 3.89196e-13, 0, 0, 0, 1.79923e-13, 9.59632e-14, 6.85483e-14, 0, 0, 0, 2.62026e-13, 5.3299e-13, 0, 0, 0, 4.3986e-13, 4.75225e-13, 3.92538e-13, 5.32405e-14, 0, 0, 0, 0, 0, 0, 0, 0, 0, 0, 0, 0, 0, 0, 0
1.53193e-08, 1.52293e-08, 1.67641e-08, 1.28788e-08, 1.21716e-08, 1.19864e-08, 1.36542e-08, 1.30199e-08, 1.2945e-08, 1.16987e-08, 1.05654e-08, 8.68856e-09, 6.47135e-09, 7.4536e-09, 6.65691e-09, 6.35637e-09, 6.43511e-09, 4.37151e-09, 4.31611e-09, 3.30366e-09, 3.16917e-09, 2.28745e-09, 2.36255e-09, 1.96508e-09, 1.47695e-09, 1.5583e-09, 1.26865e-09, 1.00325e-09, 1.04439e-09, 7.32868e-10, 5.47248e-10, 3.98241e-10, 3.70582e-10, 2.90118e-10, 2.74025e-10, 2.16018e-10, 1.53115e-10, 1.28897e-10, 9.67757e-11, 7.6809e-11, 4.79143e-11, 5.25793e-11, 3.53662e-11, 3.99759e-11, 2.52506e-11, 2.60627e-11, 1.03613e-11, 1.62218e-11, 8.18487e-12, 9.40272e-12, 1.14098e-11, 1.17373e-11, 1.72357e-11, 3.63941e-12, 1.59662e-12, 2.2634e-12, 1.86666e-12, 8.40004e-13, 6.85496e-13, 6.58993e-14, 0, 5.32229e-13, 1.67189e-13, 2.30784e-13, 2.54856e-13, 0, 2.6828e-13, 0, 0, 0, 0, 0, 2.23985e-14, 8.6209e-14, 0, 0, 0, 4.13897e-13, 0, 0, 0, 0, 0, 6.74836e-13, 0, 0, 0, 0, 0, 0, 0, 0, 0, 0, 0, 0, 0, 0, 0, 0
8.08984e-09, 1.12857e-08, 1.14436e-08, 6.749e-09, 7.57701e-09, 7.50458e-09, 1.01876e-08, 9.34598e-09, 8.25416e-09, 9.79684e-09, 8.59641e-09, 6.11939e-09, 5.46508e-09, 5.44661e-09, 5.40743e-09, 4.57936e-09, 4.82703e-09, 3.73861e-09, 3.02694e-09, 2.57043e-09, 2.37513e-09, 1.74296e-09, 1.49086e-09, 1.35313e-09, 1.12549e-09, 9.11382e-10, 7.32711e-10, 8.10615e-10, 7.38669e-10, 6.53857e-10, 6.31807e-10, 3.75296e-10, 2.31591e-10, 2.28977e-10, 2.16102e-10, 1.8381e-10, 1.3019e-10, 1.06051e-10, 6.22288e-11, 5.67794e-11, 4.27132e-11, 3.33516e-11, 2.76964e-11, 2.51896e-11, 1.66011e-11, 9.34806e-12, 9.11103e-12, 1.25909e-11, 7.95908e-12, 3.70648e-12, 2.52214e-12, 6.3313e-12, 1.54198e-11, 1.40492e-12, 9.74711e-13, 4.68781e-13, 1.14185e-12, 1.43304e-12, 9.459e-13, 2.66301e-13, 0, 6.57965e-13, 0, 0, 8.29953e-13, 2.71744e-13, 3.24619e-13, 0, 0, 0, 0, 0, 0, 6.24419e-14, 0, 0, 0, 7.17886e-13, 0, 0, 0, 0, 0, 0, 0, 0, 0, 0, 0, 0, 0, 0, 0, 0, 0, 0, 0, 0, 0, 0
9.31782e-09, 8.33768e-09, 8.7541e-09, 6.14378e-09, 5.56789e-09, 4.96394e-09, 5.59819e-09, 6.72136e-09, 7.2653e-09, 5.96795e-09, 6.82447e-09, 4.745e-09, 4.12958e-09, 3.23598e-09, 3.46517e-09, 3.56436e-09, 3.3261e-09, 2.85018e-09, 2.37438e-09, 1.81911e-09, 1.76673e-09, 1.45403e-09, 1.20384e-09, 1.098e-09, 8.80631e-10, 8.47122e-10, 6.33211e-10, 6.21328e-10, 4.86713e-10, 4.91165e-10, 3.36961e-10, 2.75907e-10, 1.80976e-10, 1.66735e-10, 1.41551e-10, 1.52608e-10, 1.3648e-10, 9.02164e-11, 8.75573e-11, 6.14385e-11, 5.20965e-11, 2.70828e-11, 2.15838e-11, 2.18061e-11, 1.50785e-11, 8.75374e-12, 1.20291e-11, 1.38473e-11, 9.66572e-12, 1.80817e-12, 2.63906e-12, 8.07725e-12, 4.52436e-12, 4.4593e-12, 1.42785e-12, 1.71263e-13, 1.26555e-12, 1.20467e-12, 6.41447e-13, 5.0928e-13, 0, 5.82274e-13, 4.93835e-13, 1.36634e-13, 3.80272e-13, 3.7347e-13, 3.46535e-13, 0, 0, 0, 1.46594e-12, 1.6956e-12, 2.00447e-12, 1.21615e-13, 2.01293e-14, 0, 1.67179e-14, 1.56384e-12, 0, 0, 0, 0, 0, 0, 0, 0, 0, 0, 0, 0, 0, 0, 0, 0, 0, 0, 0, 0, 0, 0
6.37373e-09, 5.73681e-09, 5.15941e-09, 6.05962e-09, 4.89036e-09, 3.67626e-09, 5.0078e-09, 4.36275e-09, 4.86733e-09, 4.12151e-09, 5.53974e-09, 4.37206e-09, 3.38819e-09, 2.84307e-09, 2.40189e-09, 2.22746e-09, 1.93482e-09, 2.09453e-09, 1.86116e-09, 1.7255e-09, 1.417e-09, 1.04694e-09, 8.96569e-10, 8.05349e-10, 8.15598e-10, 7.07446e-10, 4.64854e-10, 4.53868e-10, 3.53426e-10, 3.07853e-10, 4.22997e-10, 2.48851e-10, 1.56092e-10, 1.34847e-10, 1.27797e-10, 1.30101e-10, 1.08305e-10, 7.4994e-11, 4.75372e-11, 5.43592e-11, 4.33424e-11, 2.69238e-11, 2.27829e-11, 1.91482e-11, 1.38958e-11, 1.28559e-11, 1.04053e-11, 3.04898e-12, 7.28009e-12, 3.19911e-12, 2.68783e-12, 3.97268e-12, 9.43449e-13, 2.01059e-12, 1.35057e-12, 3.51425e-13, 0, 2.99615e-13, 1.19181e-12, 1.0272e-12, 1.93478e-13, 3.60706e-13, 0, 0, 0, 1.93995e-13, 7.38086e-14, 4.38959e-13, 4.34296e-13, 0, 1.16133e-13, 0, 0, 7.04816e-13, 3.94673e-14, 1.84612e-13, 5.11635e-14, 0, 0, 0, 0, 0, 0, 0, 0, 0, 0, 0, 0, 0, 0, 0, 0, 0, 0, 0, 0, 0, 0, 0
2.32175e-09, 4.10763e-09, 3.91695e-09, 4.37287e-09, 5.27797e-09, 4.53404e-09, 3.96446e-09, 3.80043e-09, 3.22996e-09, 2.76935e-09, 2.97819e-09, 3.05087e-09, 2.40002e-09, 2.03808e-09, 2.12611e-09, 1.76523e-09, 1.44954e-09, 1.49737e-09, 1.60928e-09, 1.09606e-09, 9.65828e-10, 7.73204e-10, 8.07258e-10, 6.97594e-10, 5.31593e-10, 5.44759e-10, 3.79642e-10, 2.96028e-10, 2.49661e-10, 2.36857e-10, 2.62003e-10, 2.57512e-10, 1.92204e-10, 1.39372e-10, 9.76357e-11, 7.56654e-11, 7.33817e-11, 6.36053e-11, 4.85588e-11, 4.89357e-11, 3.19897e-11, 2.82961e-11, 1.60851e-11, 1.82735e-11, 1.97468e-11, 9.79575e-12, 1.13168e-11, 9.12468e-12, 2.86212e-12, 3.18852e-12, 6.34972e-12, 1.15668e-12, 9.5217e-13, 3.94268e-13, 1.50503e-13, 2.27841e-12, 1.02479e-12, 3.04364e-13, 3.2384e-13, 1.80999e-12, 8.90448e-13, 2.12159e-13, 0, 0, 0, 0, 0, 0, 0, 2.03473e-13, 4.02776e-14, 0, 0, 1.13432e-13, 0, 0, 0, 0, 0, 0, 0, 0, 0, 0, 0, 0, 0, 0, 0, 0, 0, 0, 0, 0, 0, 0, 0, 0, 0, 0
1.71369e-09, 2.69184e-09, 2.22229e-09, 3.74458e-09, 3.00324e-09, 2.81486e-09, 4.17675e-09, 2.82824e-09, 2.49114e-09, 2.17711e-09, 2.55778e-09, 2.22212e-09, 1.6858e-09, 1.55889e-09, 1.67994e-09, 1.1798e-09, 1.10216e-09, 1.26374e-09, 1.21669e-09, 7.60616e-10, 6.83228e-10, 6.73091e-10, 6.38069e-10, 4.31345e-10, 4.70575e-10, 4.01344e-10, 3.27751e-10, 2.82656e-10, 2.76186e-10, 1.98835e-10, 1.80721e-10, 1.66829e-10, 1.32097e-10, 8.15173e-11, 9.82765e-11, 7.63967e-11, 6.11496e-11, 4.61081e-11, 4.9939e-11, 4.52983e-11, 3.67178e-11, 2.27368e-11, 1.42035e-11, 7.76186e-12, 1.05377e-11, 6.47991e-12, 8.2401e-12, 8.28426e-12, 3.47213e-12, 2.24472e-12, 3.35419e-12, 3.09311e-12, 6.22858e-14, 3.15267e-13, 1.29858e-13, 1.71281e-12, 9.27313e-13, 9.50232e-13, 4.4175e-13, 5.44971e-13, 3.78618e-13, 3.51554e-13, 0, 0, 0, 0, 0, 0, 0, 2.76393e-13, 1.04272e-13, 0, 0, 1.12309e-13, 2.18323e-13, 0, 0, 0, 0, 0, 0, 0, 0, 0, 0, 0, 0, 0, 0, 0, 0, 0, 0, 0, 0, 0, 0, 0, 0, 0
2.58679e-09, 1.94093e-09, 2.25467e-09, 2.54286e-09, 3.06166e-09, 2.12466e-09, 2.22428e-09, 1.63748e-09, 2.08652e-09, 1.50483e-09, 1.63134e-09, 1.83828e-09, 1.74414e-09, 1.21137e-09, 9.52554e-10, 8.81043e-10, 9.31261e-10, 9.55005e-10, 7.97209e-10, 7.36178e-10, 5.42171e-10, 4.67835e-10, 3.42478e-10, 3.68637e-10, 3.35557e-10, 3.29393e-10, 2.86188e-10, 2.44056e-10, 3.20618e-10, 1.81753e-10, 1.94143e-10, 1.28346e-10, 1.09092e-10, 6.04275e-11, 4.78291e-11, 4.23615e-11, 3.49625e-11, 3.45276e-11, 3.10055e-11, 1.1216e-11, 3.25182e-11, 2.24331e-11, 1.63232e-11, 3.91322e-12, 5.594e-12, 4.93054e-12, 7.57722e-12, 4.20149e-12, 7.78799e-12, 1.62834e-12, 3.0648e-12, 5.48673e-12, 4.95693e-13, 9.87761e-13, 8.30223e-13, 1.34337e-12, 6.80341e-14, 0, 4.52424e-13, 5.41871e-13, 8.92533e-14, 0, 0, 0, 0, 0, 0, 0, 0, 0, 0, 0, 0, 1.06858e-13, 2.14021e-13, 0, 0, 0, 0, 0, 0, 0, 0, 0, 0, 0, 0, 0, 0, 0, 0, 0, 0, 0, 0, 0, 0, 0, 0, 0
1.10344e-09, 1.36414e-09, 2.14551e-09, 1.668e-09, 1.67525e-09, 1.8214e-09, 1.62998e-09, 1.60072e-09, 1.36079e-09, 1.36407e-09, 1.22716e-09, 1.29148e-09, 1.29639e-09, 8.09498e-10, 7.15122e-10, 5.91605e-10, 5.45565e-10, 6.82811e-10, 5.64271e-10, 4.45895e-10, 3.82403e-10, 2.66268e-10, 2.95567e-10, 3.12873e-10, 2.47279e-10, 2.87039e-10, 1.91754e-10, 1.71279e-10, 1.65845e-10, 1.42449e-10, 8.74941e-11, 9.39042e-11, 9.22633e-11, 6.62716e-11, 6.78812e-11, 6.71554e-11, 3.65894e-11, 3.85579e-11, 2.4046e-11, 2.37172e-11, 3.66637e-11, 1.77079e-11, 1.11979e-11, 7.54644e-12, 7.03726e-12, 4.1359e-12, 4.73599e-12, 5.66379e-12, 5.24851e-12, 3.92887e-12, 2.7234e-12, 4.27783e-12, 1.37621e-12, 1.64475e-12, 6.66116e-13, 2.48956e-13, 0, 5.03013e-13, 0, 4.29582e-13, 1.24255e-13, 0, 0, 0, 0, 0, 0, 0, 0, 0, 0, 0, 0, 1.058e-13, 4.07288e-13, 0, 0, 0, 0, 0, 0, 0, 0, 0, 0, 0, 0, 0, 0, 0, 0, 0, 0, 0, 0, 0, 0, 0, 0, 0
1.4132e-09, 7.8814e-10, 1.42583e-09, 1.3398e-09, 1.63761e-09, 1.27756e-09, 1.08193e-09, 1.10296e-09, 1.20782e-09, 8.25433e-10, 9.52957e-10, 9.12405e-10, 8.76383e-10, 7.09416e-10, 5.50909e-10, 6.23513e-10, 4.78572e-10, 5.08326e-10, 3.90018e-10, 3.5328e-10, 2.67176e-10, 2.41792e-10, 2.8905e-10, 2.24792e-10, 2.5326e-10, 2.62418e-10, 1.68747e-10, 1.42838e-10, 1.10778e-10, 9.78986e-11, 8.39574e-11, 8.11503e-11, 7.59749e-11, 3.49513e-11, 5.56558e-11, 4.46292e-11, 3.44951e-11, 3.11903e-11, 1.78587e-11, 1.30392e-11, 2.80314e-11, 1.40377e-11, 1.13826e-11, 5.97423e-12, 4.6216e-12, 2.30636e-12, 1.6418e-12, 1.27463e-12, 2.40771e-12, 1.85074e-12, 2.15312e-12, 1.2804e-12, 1.45738e-12, 1.75128e-12, 8.25114e-13, 8.37825e-13, 0, 1.50316e-12, 0, 1.62697e-13, 0, 0, 0, 0, 0, 0, 0, 0, 0, 2.15254e-13, 2.68977e-13, 0, 0, 2.35495e-13, 1.60525e-12, 0, 0, 0, 0, 0, 0, 0, 0, 0, 0, 0, 0, 0, 0, 0, 0, 0, 0, 0, 0, 0, 0, 0, 0, 0
7.0722e-10, 1.15797e-09, 7.26734e-10, 1.20236e-09, 8.48892e-10, 9.86477e-10, 8.8202e-10, 8.17261e-10, 1.23274e-09, 1.07474e-09, 9.01581e-10, 6.01523e-10, 7.38415e-10, 5.10115e-10, 4.54853e-10, 3.40203e-10, 3.65992e-10, 3.68958e-10, 3.60191e-10, 3.24226e-10, 1.72762e-10, 1.65706e-10, 1.52557e-10, 1.66145e-10, 1.20579e-10, 1.52513e-10, 1.46905e-10, 8.92594e-11, 6.61132e-11, 5.56156e-11, 6.77499e-11, 9.30636e-11, 6.99852e-11, 4.69536e-11, 4.01425e-11, 2.50812e-11, 1.53988e-11, 2.12411e-11, 2.00852e-11, 2.83555e-11, 1.55355e-11, 4.67919e-12, 1.53188e-11, 9.00659e-12, 3.93575e-12, 3.91993e-12, 1.83619e-12, 1.52929e-12, 8.12006e-13, 1.21896e-12, 5.73048e-13, 1.25051e-12, 1.48485e-12, 2.11338e-12, 1.55758e-12, 2.0677e-12, 4.58857e-13, 3.29678e-13, 0, 0, 0, 0, 0, 0, 0, 0, 0, 0, 3.27602e-13, 0, 0, 2.33434e-13, 0, 9.88365e-13, 9.34173e-13, 0, 0, 0, 0, 0, 0, 0, 0, 0, 0, 0, 0, 0, 0, 0, 0, 0, 0, 0, 0, 0, 0, 0, 0, 0
6.27091e-10, 6.74664e-10, 7.60839e-10, 6.84904e-10, 5.61327e-10, 6.25468e-10, 5.49821e-10, 4.42276e-10, 6.13167e-10, 8.98724e-10, 7.10753e-10, 3.51278e-10, 4.68953e-10, 3.28426e-10, 3.41726e-10, 3.38216e-10, 2.73072e-10, 2.58701e-10, 2.23454e-10, 2.19072e-10, 1.81757e-10, 1.35414e-10, 1.30309e-10, 1.21252e-10, 1.33381e-10, 1.10266e-10, 1.24352e-10, 7.45026e-11, 4.09082e-11, 5.49223e-11, 6.08538e-11, 6.06308e-11, 4.19416e-11, 3.51439e-11, 1.76516e-11, 2.04631e-11, 2.09486e-11, 1.32919e-11, 1.92252e-11, 5.27467e-12, 7.11563e-12, 7.68895e-12, 5.27008e-12, 6.01778e-12, 3.0774e-12, 3.69392e-12, 2.0828e-12, 1.17778e-12, 5.69414e-13, 1.45845e-12, 2.21917e-12, 1.89102e-12, 1.02643e-12, 4.75676e-12, 2.27469e-12, 6.67588e-13, 1.50183e-13, 3.18932e-13, 0, 0, 0, 0, 0, 0, 0, 0, 0, 0, 3.38686e-13, 0, 0, 1.95292e-13, 8.77658e-13, 1.25502e-13, 0, 0, 0, 0, 0, 0, 0, 0, 0, 0, 0, 0, 0, 0, 0, 0, 0, 0, 0, 0, 0, 0, 0, 0, 0, 0
3.07789e-10, 4.3965e-10, 6.93496e-10, 7.41419e-10, 7.42534e-10, 4.62697e-10, 8.15048e-10, 5.76801e-10, 4.56152e-10, 5.78901e-10, 3.53687e-10, 3.83117e-10, 2.48505e-10, 2.50562e-10, 2.1307e-10, 2.41032e-10, 1.72826e-10, 2.10294e-10, 1.35487e-10, 1.72726e-10, 1.21663e-10, 1.05778e-10, 7.87694e-11, 9.92052e-11, 8.14235e-11, 6.21622e-11, 6.01273e-11, 5.41114e-11, 5.39788e-11, 3.12436e-11, 3.52416e-11, 3.06128e-11, 3.63694e-11, 3.24297e-11, 2.0945e-11, 1.76168e-11, 1.28585e-11, 1.13143e-11, 8.93732e-12, 7.18011e-12, 6.71504e-12, 6.80463e-12, 8.9552e-12, 2.25124e-12, 2.54175e-12, 3.26726e-12, 4.89636e-13, 1.40246e-12, 5.92748e-13, 1.12284e-12, 8.96602e-13, 3.89055e-13, 4.6089e-13, 5.17509e-13, 0, 0, 5.20868e-14, 1.59798e-13, 9.14577e-14, 0, 0, 0, 0, 0, 0, 0, 0, 0, 3.57935e-14, 6.95126e-14, 0, 0, 5.16408e-13, 0, 0, 0, 0, 0, 0, 0, 0, 0, 0, 0, 0, 0, 0, 0, 0, 0, 0, 0, 0, 0, 0, 0, 0, 0, 0, 0
3.71412e-10, 1.19645e-09, 7.93286e-10, 4.99089e-10, 5.20434e-10, 3.22018e-10, 7.06796e-10, 3.54362e-10, 3.23439e-10, 3.12741e-10, 3.28751e-10, 3.05403e-10, 1.67607e-10, 2.07879e-10, 1.90164e-10, 2.21461e-10, 1.74193e-10, 1.54565e-10, 1.58304e-10, 1.40495e-10, 9.50256e-11, 8.51228e-11, 4.75667e-11, 6.28054e-11, 5.81034e-11, 4.87847e-11, 4.81967e-11, 5.34765e-11, 6.21483e-11, 3.08252e-11, 2.68612e-11, 2.88493e-11, 1.98798e-11, 2.54436e-11, 2.1816e-11, 1.34184e-11, 7.61785e-12, 9.34113e-12, 4.33018e-12, 2.64904e-12, 5.17933e-12, 6.24216e-12, 4.84579e-12, 2.65383e-12, 1.31069e-12, 2.26155e-12, 1.34998e-12, 1.7394e-12, 3.02395e-12, 2.11882e-12, 1.16415e-12, 2.03542e-13, 6.06056e-13, 0, 0, 0, 0, 0, 2.43906e-14, 1.37208e-13, 0, 0, 0, 0, 0, 0, 0, 0, 6.57822e-14, 1.67848e-13, 0, 0, 0, 0, 0, 0, 0, 0, 0, 0, 0, 0, 0, 0, 0, 0, 0, 0, 0, 0, 0, 0, 0, 0, 0, 0, 0, 0, 0, 0
2.22416e-10, 3.85663e-10, 4.32257e-10, 3.35006e-10, 3.95334e-10, 1.74073e-10, 2.10653e-10, 2.91666e-10, 2.48646e-10, 2.0135e-10, 2.67387e-10, 2.31245e-10, 1.71528e-10, 1.6925e-10, 1.4912e-10, 1.0527e-10, 1.2169e-10, 1.18328e-10, 9.02771e-11, 1.06637e-10, 7.36315e-11, 4.31664e-11, 5.51562e-11, 4.30345e-11, 3.80488e-11, 3.96928e-11, 4.44242e-11, 3.66817e-11, 3.42446e-11, 2.95955e-11, 1.27038e-11, 1.50133e-11, 1.82403e-11, 1.77639e-11, 1.63931e-11, 1.40885e-11, 6.82389e-12, 5.24757e-12, 1.26821e-11, 6.91967e-12, 3.91462e-12, 3.14357e-12, 1.90993e-12, 2.44163e-12, 1.28457e-12, 1.32418e-12, 2.88747e-13, 1.23922e-12, 8.63951e-13, 9.48403e-13, 7.18029e-13, 2.38815e-13, 7.05677e-13, 2.6254e-13, 4.1039e-13, 0, 0, 5.2422e-14, 1.00026e-13, 4.27761e-14, 0, 0, 0, 0, 0, 0, 0, 9.67098e-14, 3.24034e-14, 0, 0, 0, 0, 0, 0, 0, 0, 0, 0, 0, 0, 0, 0, 0, 0, 0, 0, 0, 0, 0, 0, 0, 0, 0, 0, 0, 0, 0, 0, 0
1.90916e-11, 4.14041e-10, 3.95136e-10, 2.61427e-10, 1.33961e-10, 1.63407e-10, 1.62577e-10, 1.87177e-10, 2.07189e-10, 1.69958e-10, 1.38221e-10, 2.026e-10, 1.22715e-10, 1.05586e-10, 9.18774e-11, 1.17636e-10, 7.74055e-11, 8.71231e-11, 8.91868e-11, 8.54238e-11, 5.36351e-11, 6.65968e-11, 5.57174e-11, 4.17891e-11, 3.17893e-11, 2.4105e-11, 2.56895e-11, 1.55064e-11, 3.29569e-11, 2.92438e-11, 1.66538e-11, 9.5786e-12, 1.19667e-11, 1.08315e-11, 8.62273e-12, 1.12955e-11, 9.27703e-12, 6.65393e-12, 8.29395e-12, 6.03576e-12, 4.65036e-12, 1.14597e-12, 1.73495e-12, 2.18149e-12, 1.14624e-12, 1.89561e-12, 9.71044e-13, 2.10938e-13, 2.83734e-13, 5.8183e-13, 8.30847e-13, 3.61612e-13, 2.06429e-13, 1.27403e-13, 6.09937e-13, 0, 0, 5.34757e-14, 1.36073e-13, 0, 0, 0, 0, 0, 0, 2.94809e-14, 2.11558e-13, 9.38656e-14, 0, 0, 0, 0, 0, 0, 0, 0, 0, 0, 0, 0, 0, 0, 0, 0, 0, 0, 0, 0, 0, 0, 0, 0, 0, 0, 0, 0, 0, 0, 0, 0
1.29604e-09, 2.61275e-10, 1.07852e-10, 2.43172e-10, 1.63801e-10, 1.65761e-10, 2.1688e-10, 9.69485e-11, 1.47327e-10, 1.10298e-10, 1.24628e-10, 1.5721e-10, 1.16519e-10, 1.01193e-10, 8.034e-11, 7.99572e-11, 5.68983e-11, 5.85298e-11, 9.75182e-11, 4.31727e-11, 3.53165e-11, 4.06952e-11, 3.78115e-11, 3.45691e-11, 2.42631e-11, 2.38342e-11, 1.86361e-11, 1.91808e-11, 2.91373e-11, 2.79502e-11, 1.33416e-11, 6.56018e-12, 6.36724e-12, 7.38439e-12, 5.28195e-12, 1.79934e-12, 4.099e-12, 3.77609e-12, 3.26485e-12, 4.48638e-12, 1.85558e-12, 5.45025e-13, 6.03161e-13, 3.28396e-13, 3.64025e-12, 2.08072e-12, 2.06127e-12, 2.21989e-13, 4.09216e-13, 3.40802e-13, 3.67007e-13, 9.58389e-13, 3.06812e-14, 0, 0, 3.90389e-13, 0, 0, 3.24292e-13, 3.07536e-14, 0, 0, 0, 0, 0, 4.08754e-13, 1.64073e-13, 0, 0, 0, 0, 0, 0, 0, 0, 0, 0, 0, 0, 0, 0, 0, 0, 0, 0, 0, 0, 0, 0, 0, 0, 0, 0, 0, 0, 0, 0, 0, 0, 0
3.51643e-10, 1.39195e-10, 4.91027e-11, 9.1615e-11, 6.87763e-11, 1.20364e-10, 1.20682e-10, 1.06275e-10, 1.10501e-10, 7.13808e-11, 5.04872e-11, 6.28345e-11, 1.10718e-10, 1.01153e-10, 7.88557e-11, 8.61986e-11, 4.58619e-11, 4.94343e-11, 5.4897e-11, 3.17059e-11, 2.82666e-11, 3.47994e-11, 3.252e-11, 3.38439e-11, 2.10616e-11, 2.6701e-11, 2.73138e-11, 2.08358e-11, 1.79939e-11, 1.12379e-11, 3.00638e-12, 3.58776e-12, 6.87261e-12, 4.10788e-12, 5.1846e-12, 3.64989e-12, 2.82201e-12, 1.28607e-12, 2.12647e-12, 1.85001e-12, 1.69681e-12, 6.3718e-13, 3.45525e-12, 4.44004e-13, 3.57958e-13, 2.07461e-13, 1.78858e-13, 2.56191e-13, 1.6316e-13, 4.60938e-13, 3.2535e-13, 0, 0, 0, 0, 3.17853e-13, 4.2792e-14, 0, 0, 2.90997e-13, 6.71533e-14, 0, 0, 0, 1.28727e-13, 8.6677e-14, 2.1496e-13, 0, 0, 0, 0, 0, 0, 0, 0, 0, 0, 0, 0, 0, 0, 0, 0, 0, 0, 0, 0, 0, 0, 0, 0, 0, 0, 0, 0, 0, 0, 0, 0, 0
2.69782e-10, 4.90969e-11, 5.26711e-11, 4.50405e-11, 1.08989e-10, 3.75642e-11, 6.27442e-11, 8.83397e-11, 6.42568e-11, 6.4527e-11, 6.97725e-11, 1.78214e-10, 8.91242e-11, 6.79453e-11, 6.17147e-11, 6.96109e-11, 3.59082e-11, 6.27488e-11, 5.66629e-11, 4.23109e-11, 2.10883e-11, 3.31053e-11, 2.95048e-11, 2.0662e-11, 2.7678e-11, 2.52532e-11, 1.35985e-11, 1.05951e-11, 1.35303e-11, 1.3209e-11, 2.61643e-12, 3.88636e-12, 3.57328e-12, 1.37602e-12, 3.313e-12, 4.09448e-12, 1.13754e-13, 3.05138e-12, 1.24388e-12, 5.34383e-13, 2.1028e-12, 0, 1.73574e-12, 6.59437e-13, 7.02589e-13, 3.44999e-14, 8.26651e-14, 0, 0, 1.88566e-13, 8.44078e-13, 0, 0, 0, 0, 0, 8.43172e-14, 8.12183e-14, 1.16805e-13, 2.49977e-13, 0, 0, 0, 0, 0, 0, 0, 0, 0, 0, 0, 0, 0, 0, 0, 0, 0, 0, 0, 0, 0, 0, 0, 0, 0, 0, 0, 0, 0, 0, 0, 0, 0, 0, 0, 0, 0, 0, 0, 0
1.57131e-10, 3.85947e-11, 6.44576e-11, 5.21122e-11, 8.12278e-11, 4.79318e-11, 1.97144e-11, 4.84959e-11, 4.11551e-11, 4.7652e-11, 1.13158e-10, 7.46054e-11, 5.43225e-11, 5.04123e-11, 5.26913e-11, 2.94257e-11, 1.90696e-11, 4.11792e-11, 4.34036e-11, 4.98558e-11, 3.76506e-11, 2.01649e-11, 1.88985e-11, 2.24315e-11, 2.34195e-11, 1.06545e-11, 6.04246e-12, 4.88906e-12, 9.68542e-12, 1.1183e-11, 1.07316e-11, 1.87573e-11, 2.50687e-12, 3.55187e-12, 1.91856e-12, 1.16162e-12, 1.18373e-13, 1.21631e-12, 9.7433e-13, 7.59654e-13, 7.35885e-13, 2.0431e-12, 2.47507e-13, 5.2918e-13, 3.11782e-14, 8.96792e-14, 8.51699e-14, 0, 6.57634e-13, 3.54784e-13, 2.50995e-13, 2.45875e-14, 0, 0, 0, 0, 0, 0, 7.59555e-14, 0, 0, 0, 0, 0, 0, 0, 0, 0, 0, 0, 0, 0, 0, 0, 0, 0, 0, 0, 0, 0, 0, 0, 0, 0, 0, 0, 0, 0, 0, 0, 0, 0, 0, 0, 0, 0, 0, 0, 0, 0
4.98532e-11, 1.4145e-10, 2.23444e-10, 8.84531e-11, 6.89548e-11, 3.32216e-11, 1.19573e-11, 3.59716e-11, 7.35062e-11, 5.35848e-11, 5.00101e-11, 3.15736e-11, 4.66967e-11, 2.4303e-11, 3.0858e-11, 2.68015e-11, 2.90816e-11, 2.31556e-11, 2.80287e-11, 2.57986e-11, 3.39666e-11, 2.39615e-11, 1.36633e-11, 1.27779e-11, 6.98441e-12, 9.84638e-12, 5.8025e-12, 2.2838e-12, 2.23614e-12, 5.01884e-12, 1.40044e-12, 5.38524e-12, 2.16173e-12, 9.00525e-13, 7.66451e-13, 7.56847e-13, 7.38016e-13, 2.37291e-12, 1.42722e-12, 1.65961e-12, 8.44834e-13, 6.68941e-13, 9.79351e-13, 1.67626e-13, 6.32948e-14, 0, 0, 0, 0, 0, 2.86911e-13, 2.05761e-13, 0, 0, 0, 0, 0, 0, 0, 0, 0, 0, 0, 0, 0, 0, 0, 0, 0, 0, 0, 0, 0, 0, 0, 0, 0, 0, 0, 0, 0, 0, 0, 0, 0, 0, 0, 0, 0, 0, 0, 0, 0, 0, 0, 0, 0, 0, 0, 0
1.90782e-11, 3.52796e-11, 3.44635e-11, 5.94369e-11, 1.30486e-10, 1.77333e-11, 2.09612e-11, 2.30395e-11, 5.27314e-11, 3.05874e-11, 6.09184e-11, 4.29459e-11, 1.62661e-11, 2.2829e-11, 1.75963e-11, 3.0959e-11, 2.85341e-11, 2.90047e-11, 2.88724e-11, 1.27622e-11, 1.37348e-11, 8.49065e-12, 1.97805e-11, 1.51044e-11, 8.2688e-12, 9.17609e-12, 4.2609e-12, 3.68723e-12, 2.68432e-12, 5.15952e-13, 5.13474e-12, 6.01295e-12, 2.61106e-13, 7.18793e-14, 1.17658e-12, 2.83393e-13, 1.30982e-12, 7.25582e-13, 7.33401e-13, 5.92742e-13, 1.43368e-12, 4.93982e-13, 7.97136e-13, 1.04652e-13, 0, 0, 0, 0, 0, 0, 0, 0, 0, 0, 0, 0, 0, 0, 0, 0, 0, 0, 0, 0, 0, 0, 0, 0, 0, 0, 0, 0, 0, 0, 0, 0, 0, 0, 0, 0, 0, 0, 0, 0, 0, 0, 0, 0, 0, 0, 0, 0, 0, 0, 0, 0, 0, 0, 0, 0
0, 2.9132e-11, 0, 1.39737e-11, 6.67838e-11, 1.84322e-11, 1.51947e-11, 1.03866e-11, 3.11406e-11, 7.61668e-11, 7.05095e-11, 2.86269e-11, 2.38658e-11, 1.62734e-11, 1.85983e-11, 1.67253e-11, 2.27743e-11, 2.26521e-11, 1.48046e-11, 8.15352e-12, 8.00733e-12, 9.83993e-12, 5.51033e-12, 4.46581e-12, 9.68351e-12, 1.16774e-11, 2.06674e-12, 1.75306e-12, 2.88353e-12, 1.86034e-12, 4.26494e-12, 5.27131e-12, 0, 0, 2.05574e-13, 6.32107e-13, 9.38096e-13, 0, 1.44608e-12, 9.85239e-13, 1.56495e-12, 2.15612e-12, 1.31457e-12, 1.01324e-12, 0, 3.25813e-12, 1.33255e-12, 1.7905e-13, 0, 0, 0, 0, 0, 0, 0, 0, 0, 0, 0, 0, 0, 0, 0, 0, 0, 0, 0, 0, 0, 0, 0, 0, 0, 0, 0, 0, 0, 0, 0, 0, 0, 0, 0, 0, 0, 0, 0, 0, 0, 0, 0, 0, 0, 0, 0, 0, 0, 0, 0, 0
3.20073e-11, 1.2958e-11, 2.49288e-12, 6.4535e-11, 2.53816e-11, 3.88669e-11, 2.56229e-11, 3.93208e-11, 3.2419e-11, 8.29634e-11, 3.96784e-11, 2.03125e-11, 1.92285e-11, 1.82662e-11, 1.48604e-11, 1.24534e-11, 5.94665e-12, 9.62017e-12, 1.26848e-11, 1.08029e-11, 7.85898e-12, 7.63975e-12, 4.89373e-12, 7.4983e-12, 9.8972e-12, 2.56851e-12, 3.19785e-12, 7.17695e-13, 5.37776e-13, 2.20283e-13, 2.55834e-12, 0, 0, 2.65777e-13, 9.54806e-13, 1.05189e-12, 7.16013e-13, 0, 0, 1.19009e-12, 2.87256e-12, 1.16133e-12, 0, 1.15119e-12, 7.13744e-13, 2.88011e-12, 0, 5.26582e-13, 0, 0, 0, 0, 0, 0, 0, 0, 0, 0, 0, 0, 0, 0, 0, 0, 0, 0, 0, 0, 0, 0, 0, 0, 0, 0, 0, 0, 0, 0, 0, 0, 0, 0, 0, 0, 0, 0, 0, 0, 0, 0, 0, 0, 0, 0, 0, 0, 0, 0, 0, 0
4.05711e-11, 3.00487e-12, 2.32169e-12, 1.481e-11, 2.67089e-11, 2.85104e-11, 3.35909e-12, 4.44264e-11, 1.86945e-11, 3.59913e-11, 1.20683e-11, 1.87607e-11, 1.80436e-11, 9.59001e-12, 1.06834e-11, 1.42856e-11, 1.13248e-11, 8.16219e-12, 5.09397e-12, 2.09074e-12, 2.91692e-13, 1.84553e-12, 5.63582e-12, 3.83141e-12, 9.76362e-12, 1.10593e-12, 8.42855e-13, 1.75005e-13, 0, 4.01094e-13, 1.02444e-12, 0, 0, 3.79348e-13, 2.832e-13, 3.82326e-13, 3.54022e-13, 1.78513e-13, 0, 1.27913e-13, 9.26069e-13, 3.60187e-13, 4.52982e-13, 4.54467e-13, 3.25481e-12, 1.73568e-12, 3.48452e-12, 3.48609e-12, 0, 0, 0, 0, 0, 0, 0, 0, 0, 0, 0, 0, 0, 0, 0, 0, 0, 0, 0, 0, 0, 0, 0, 0, 0, 0, 0, 0, 0, 0, 0, 0, 0, 0, 0, 0, 0, 0, 0, 0, 0, 0, 0, 0, 0, 0, 0, 0, 0, 0, 0, 0
5.04982e-11, 0, 1.9044e-11, 2.55831e-11, 2.67144e-11, 2.38182e-11, 1.50447e-11, 8.97464e-12, 7.3822e-12, 8.63375e-12, 9.95595e-12, 8.02169e-12, 2.4555e-11, 4.51484e-12, 9.67092e-12, 1.53504e-11, 8.0878e-12, 7.91704e-12, 4.23867e-12, 1.45406e-12, 1.33472e-12, 3.36335e-12, 3.4792e-12, 2.44579e-12, 1.69895e-13, 6.65406e-13, 5.13754e-13, 2.89995e-13, 0, 4.51435e-12, 6.78368e-13, 0, 2.98897e-13, 2.03161e-13, 1.14842e-12, 7.8983e-13, 5.24764e-14, 1.36552e-13, 0, 0, 1.11082e-13, 8.90856e-13, 9.49749e-13, 4.02626e-13, 4.15397e-13, 6.85129e-13, 1.39243e-13, 2.09583e-12, 8.01669e-13, 8.62101e-13, 0, 0, 0, 0, 0, 0, 0, 0, 0, 0, 0, 0, 0, 0, 0, 0, 0, 0, 0, 0, 0, 0, 0, 0, 0, 0, 0, 0, 0, 0, 0, 0, 0, 0, 0, 0, 0, 0, 0, 0, 0, 0, 0, 0, 0, 0, 0, 0, 0, 0
1.18372e-10, 3.12022e-11, 3.35372e-11, 1.16059e-11, 1.69307e-11, 3.26525e-12, 1.17903e-12, 0, 1.20599e-12, 6.0625e-12, 6.38791e-12, 1.27605e-11, 1.65291e-11, 9.01939e-12, 1.22349e-11, 8.60584e-12, 7.05343e-12, 4.91533e-12, 4.35917e-12, 2.36397e-12, 5.3785e-12, 3.17971e-12, 2.831e-12, 2.78976e-12, 5.03834e-13, 2.20012e-13, 4.46132e-13, 0, 0, 1.34251e-13, 2.45002e-12, 5.1456e-13, 4.81043e-14, 0, 0, 0, 3.73295e-13, 3.79163e-13, 4.50384e-14, 0, 0, 0, 0, 0, 1.82477e-13, 2.33987e-13, 2.46956e-13, 0, 2.88414e-13, 6.01072e-13, 0, 0, 0, 0, 0, 0, 0, 0, 0, 0, 0, 0, 0, 0, 0, 0, 0, 0, 0, 0, 0, 0, 0, 0, 0, 0, 0, 0, 0, 0, 0, 0, 0, 0, 0, 0, 0, 0, 0, 0, 0, 0, 0, 0, 0, 0, 0, 0, 0, 0
0, 1.3265e-11, 8.28215e-12, 7.73116e-12, 1.27902e-12, 8.37148e-13, 2.81495e-12, 1.75923e-12, 3.2942e-13, 1.00655e-12, 5.65857e-12, 1.52225e-12, 8.86148e-12, 1.04941e-11, 4.37416e-12, 5.69071e-12, 4.6422e-12, 8.63e-13, 0, 1.63447e-12, 5.66126e-12, 2.19648e-12, 1.09244e-12, 1.10769e-12, 8.21808e-13, 4.33799e-13, 7.91007e-13, 0, 4.45116e-14, 1.56062e-12, 5.01426e-12, 0, 0, 0, 0, 0, 0, 2.45024e-13, 3.2711e-13, 1.24066e-13, 7.8685e-14, 0, 0, 0, 0, 4.89651e-13, 4.64917e-13, 0, 0, 1.95064e-13, 0, 0, 0, 0, 0, 0, 0, 0, 0, 0, 0, 0, 0, 0, 0, 0, 0, 0, 0, 0, 0, 0, 0, 0, 0, 0, 0, 0, 0, 0, 0, 0, 0, 0, 0, 0, 0, 0, 0, 0, 0, 0, 0, 0, 0, 0, 0, 0, 0, 0
0, 2.79844e-11, 8.52712e-12, 1.18222e-12, 0, 1.46196e-12, 1.57079e-12, 7.8476e-13, 1.53752e-12, 1.0411e-11, 1.14638e-11, 2.39693e-12, 1.69644e-12, 2.65254e-13, 4.10983e-12, 2.54066e-12, 3.71522e-12, 2.33537e-12, 0, 0, 6.48487e-12, 1.86006e-12, 5.27278e-13, 2.36262e-12, 1.12568e-12, 6.49548e-13, 2.65854e-13, 5.5957e-14, 2.62054e-13, 2.87639e-13, 1.68472e-12, 1.0739e-13, 1.51296e-13, 2.34314e-13, 8.78863e-14, 6.96809e-13, 0, 0, 2.50827e-13, 1.32243e-13, 2.63387e-13, 0, 0, 0, 0, 1.95324e-13, 1.20131e-13, 0, 0, 0, 0, 0, 0, 0, 0, 0, 0, 0, 0, 0, 0, 0, 0, 0, 0, 0, 0, 0, 0, 0, 0, 0, 0, 0, 0, 0, 0, 0, 0, 0, 0, 0, 0, 0, 0, 0, 0, 0, 0, 0, 0, 0, 0, 0, 0, 0, 0, 0, 0, 0
0, 0, 3.53142e-12, 0, 0, 0, 0, 0, 0, 6.35418e-12, 0, 5.23656e-12, 0, 0, 3.89975e-12, 2.19039e-12, 8.50881e-13, 4.81973e-12, 5.1172e-13, 2.52261e-12, 1.0813e-12, 3.18503e-12, 9.08245e-13, 3.38846e-13, 1.99252e-12, 9.94066e-14, 0, 0, 3.01451e-13, 4.43462e-13, 1.04909e-12, 0, 5.07637e-14, 0, 0, 0, 3.45515e-14, 2.08962e-13, 2.16056e-13, 1.74276e-13, 0, 0, 0, 0, 0, 2.55345e-13, 8.28665e-13, 0, 0, 0, 0, 0, 0, 0, 0, 0, 0, 0, 0, 0, 0, 0, 0, 0, 0, 0, 0, 0, 0, 0, 0, 0, 0, 0, 0, 0, 0, 0, 0, 0, 0, 0, 0, 0, 0, 0, 0, 0, 0, 0, 0, 0, 0, 0, 0, 0, 0, 0, 0, 0
0, 0, 0, 0, 0, 0, 0, 1.80888e-12, 1.9426e-12, 3.08764e-12, 0, 1.5299e-12, 2.60206e-12, 2.1407e-12, 4.241e-12, 1.01443e-12, 5.81826e-13, 5.45133e-12, 1.64974e-12, 5.32182e-13, 3.79112e-13, 1.69427e-12, 7.16162e-13, 1.52765e-12, 1.27766e-12, 0, 0, 0, 5.72974e-13, 0, 1.5404e-12, 0, 0, 0, 0, 0, 0, 0, 0, 0, 0, 0, 0, 0, 0, 0, 0, 0, 0, 0, 0, 0, 0, 0, 0, 0, 0, 0, 0, 0, 0, 0, 0, 0, 0, 0, 0, 0, 0, 0, 0, 0, 0, 0, 0, 0, 0, 0, 0, 0, 0, 0, 0, 0, 0, 0, 0, 0, 0, 0, 0, 0, 0, 0, 0, 0, 0, 0, 0, 0
0, 0, 0, 0, 0, 0, 0, 9.0883e-13, 3.86599e-12, 2.24041e-12, 0, 0, 3.60584e-13, 0, 0, 1.24392e-12, 1.73047e-12, 7.27888e-13, 0, 0, 7.31795e-13, 1.06747e-12, 2.13005e-12, 0, 4.40824e-13, 7.01812e-13, 3.653e-13, 8.21116e-13, 0, 8.61484e-13, 0, 0, 0, 0, 0, 0, 0, 0, 0, 0, 0, 0, 0, 0, 0, 0, 0, 0, 0, 0, 0, 0, 0, 0, 0, 0, 0, 0, 0, 0, 0, 0, 0, 0, 0, 0, 0, 0, 0, 0, 0, 0, 0, 0, 0, 0, 0, 0, 0, 0, 0, 0, 0, 0, 0, 0, 0, 0, 0, 0, 0, 0, 0, 0, 0, 0, 0, 0, 0, 0
0, 0, 0, 0, 0, 0, 0, 3.47704e-12, 4.23845e-12, 5.18902e-13, 0, 0, 0, 0, 0, 3.53549e-13, 8.09855e-14, 4.73326e-13, 1.29098e-12, 0, 8.54301e-14, 7.70759e-13, 1.1148e-12, 4.87856e-13, 2.27079e-13, 0, 0, 0, 0, 4.18053e-13, 0, 0, 0, 0, 0, 0, 0, 0, 0, 0, 0, 0, 0, 0, 0, 0, 0, 0, 0, 0, 0, 0, 0, 0, 0, 0, 0, 0, 0, 0, 0, 0, 0, 0, 0, 0, 0, 0, 0, 0, 0, 0, 0, 0, 0, 0, 0, 0, 0, 0, 0, 0, 0, 0, 0, 0, 0, 0, 0, 0, 0, 0, 0, 0, 0, 0, 0, 0, 0, 0
0, 0, 0, 0, 0, 0, 4.79554e-12, 0, 8.93309e-13, 0, 0, 0, 0, 0, 0, 0, 3.93058e-13, 2.15314e-13, 4.13482e-13, 0, 0, 0, 0, 0, 0, 0, 0, 2.00304e-13, 1.57894e-12, 1.20538e-12, 0, 0, 0, 0, 0, 0, 0, 0, 0, 0, 0, 0, 0, 0, 0, 0, 0, 0, 0, 0, 0, 0, 0, 0, 0, 0, 0, 0, 0, 0, 0, 0, 0, 0, 0, 0, 0, 0, 0, 0, 0, 0, 0, 0, 0, 0, 0, 0, 0, 0, 0, 0, 0, 0, 0, 0, 0, 0, 0, 0, 0, 0, 0, 0, 0, 0, 0, 0, 0, 0
0, 0, 0, 0, 0, 0, 6.32529e-12, 0, 1.89691e-12, 0, 0, 0, 0, 0, 0, 0, 4.32409e-13, 8.40148e-13, 0, 0, 0, 0, 0, 0, 0, 0, 0, 1.21125e-12, 5.91545e-13, 1.93993e-13, 1.08742e-12, 0, 0, 0, 0, 0, 0, 0, 0, 0, 0, 0, 0, 0, 0, 0, 0, 0, 0, 0, 0, 0, 0, 0, 0, 0, 0, 0, 0, 0, 0, 0, 0, 0, 0, 0, 0, 0, 0, 0, 0, 0, 0, 0, 0, 0, 0, 0, 0, 0, 0, 0, 0, 0, 0, 0, 0, 0, 0, 0, 0, 0, 0, 0, 0, 0, 0, 0, 0, 0
0, 0, 0, 0, 0, 0, 2.57884e-12, 1.14082e-12, 0, 0, 0, 0, 0, 0, 0, 2.05265e-13, 2.03755e-12, 0, 0, 0, 0, 0, 0, 0, 0, 0, 0, 1.67917e-12, 0, 9.61296e-13, 2.7081e-12, 1.11751e-13, 0, 0, 0, 0, 0, 0, 0, 0, 0, 0, 0, 0, 0, 0, 0, 0, 0, 0, 0, 0, 0, 0, 0, 0, 0, 0, 0, 0, 0, 0, 0, 0, 0, 0, 0, 0, 0, 0, 0, 0, 0, 0, 0, 0, 0, 0, 0, 0, 0, 0, 0, 0, 0, 0, 0, 0, 0, 0, 0, 0, 0, 0, 0, 0, 0, 0, 0, 0
0, 0, 0, 0, 0, 0, 8.42649e-13, 2.9237e-13, 0, 0, 0, 0, 0, 0, 0, 1.75831e-12, 0, 0, 0, 0, 0, 0, 0, 0, 0, 0, 0, 1.38388e-13, 6.87961e-13, 4.53824e-13, 9.18193e-13, 3.7407e-13, 9.90341e-14, 0, 4.22819e-13, 0, 0, 0, 0, 0, 0, 0, 0, 0, 0, 0, 0, 0, 0, 0, 0, 0, 0, 0, 0, 0, 0, 0, 0, 0, 0, 0, 0, 0, 0, 0, 0, 0, 0, 0, 0, 0, 0, 0, 0, 0, 0, 0, 0, 0, 0, 0, 0, 0, 0, 0, 0, 0, 0, 0, 0, 0, 0, 0, 0, 0, 0, 0, 0, 0
0, 0, 0, 0, 0, 4.76887e-13, 1.26542e-11, 0, 0, 0, 0, 0, 0, 0, 0, 2.60222e-12, 1.162e-12, 1.83335e-12, 0, 0, 0, 0, 0, 0, 0, 0, 0, 0, 7.23054e-13, 5.84405e-13, 0, 0, 0, 5.79992e-13, 0, 0, 0, 0, 0, 0, 0, 0, 0, 0, 0, 0, 0, 0, 0, 0, 0, 0, 0, 0, 0, 0, 0, 0, 0, 0, 0, 0, 0, 0, 0, 0, 0, 0, 0, 0, 0, 0, 0, 0, 0, 0, 0, 0, 0, 0, 0, 0, 0, 0, 0, 0, 0, 0, 0, 0, 0, 0, 0, 0, 0, 0, 0, 0, 0, 0
0, 0, 0, 0, 0, 0, 8.16688e-12, 4.29025e-12, 2.88312e-12, 2.35873e-12, 0, 0, 0, 0, 0, 0, 1.17245e-13, 9.38641e-13, 0, 0, 0, 0, 0, 0, 0, 0, 0, 0, 0, 0, 0, 0, 0, 0, 0, 0, 0, 0, 0, 0, 0, 0, 0, 0, 0, 0, 0, 0, 0, 0, 0, 0, 0, 0, 0, 0, 0, 0, 0, 0, 0, 0, 0, 0, 0, 0, 0, 0, 0, 0, 0, 0, 0, 0, 0, 0, 0, 0, 0, 0, 0, 0, 0, 0, 0, 0, 0, 0, 0, 0, 0, 0, 0, 0, 0, 0, 0, 0, 0, 0
0, 0, 0, 0, 0, 0, 5.13253e-12, 4.71837e-12, 3.84471e-12, 8.18058e-13, 0, 0, 0, 0, 0, 0, 7.88847e-13, 1.23008e-12, 3.0881e-13, 4.18166e-13, 2.52287e-13, 5.86571e-14, 0, 0, 0, 0, 0, 0, 0, 0, 0, 0, 0, 0, 0, 0, 0, 0, 0, 0, 0, 0, 0, 0, 0, 0, 0, 0, 0, 0, 0, 0, 0, 0, 0, 0, 0, 0, 0, 0, 0, 0, 0, 0, 0, 0, 0, 0, 0, 0, 0, 0, 0, 0, 0, 0, 0, 0, 0, 0, 0, 0, 0, 0, 0, 0, 0, 0, 0, 0, 0, 0, 0, 0, 0, 0, 0, 0, 0, 0
0, 0, 0, 0, 0, 0, 0, 0, 0, 0, 0, 0, 0, 0, 0, 0, 0, 0, 0, 0, 0, 0, 0, 0, 0, 0, 0, 0, 0, 0, 0, 0, 0, 0, 0, 0, 0, 0, 0, 0, 0, 0, 0, 0, 0, 0, 0, 0, 0, 0, 0, 0, 0, 0, 0, 0, 0, 0, 0, 0, 0, 0, 0, 0, 0, 0, 0, 0, 0, 0, 0, 0, 0, 0, 0, 0, 0, 0, 0, 0, 0, 0, 0, 0, 0, 0, 0, 0, 0, 0, 0, 0, 0, 0, 0, 0, 0, 0, 0, 0
0, 0, 0, 0, 0, 0, 0, 0, 0, 0, 0, 0, 0, 0, 0, 0, 0, 0, 0, 0, 0, 0, 0, 0, 0, 0, 0, 0, 0, 0, 0, 0, 0, 0, 0, 0, 0, 0, 0, 0, 0, 0, 0, 0, 0, 0, 0, 0, 0, 0, 0, 0, 0, 0, 0, 0, 0, 0, 0, 0, 0, 0, 0, 0, 0, 0, 0, 0, 0, 0, 0, 0, 0, 0, 0, 0, 0, 0, 0, 0, 0, 0, 0, 0, 0, 0, 0, 0, 0, 0, 0, 0, 0, 0, 0, 0, 0, 0, 0, 0
0, 0, 0, 0, 0, 0, 0, 0, 0, 0, 0, 0, 0, 0, 0, 0, 0, 0, 0, 0, 0, 0, 0, 0, 0, 0, 0, 0, 0, 0, 0, 0, 0, 0, 0, 0, 0, 0, 0, 0, 0, 0, 0, 0, 0, 0, 0, 0, 0, 0, 0, 0, 0, 0, 0, 0, 0, 0, 0, 0, 0, 0, 0, 0, 0, 0, 0, 0, 0, 0, 0, 0, 0, 0, 0, 0, 0, 0, 0, 0, 0, 0, 0, 0, 0, 0, 0, 0, 0, 0, 0, 0, 0, 0, 0, 0, 0, 0, 0, 0
0, 0, 0, 0, 0, 0, 0, 0, 0, 0, 0, 0, 0, 0, 0, 0, 0, 0, 0, 0, 0, 0, 0, 0, 0, 0, 0, 0, 0, 0, 0, 0, 0, 0, 0, 0, 0, 0, 0, 0, 0, 0, 0, 0, 0, 0, 0, 0, 0, 0, 0, 0, 0, 0, 0, 0, 0, 0, 0, 0, 0, 0, 0, 0, 0, 0, 0, 0, 0, 0, 0, 0, 0, 0, 0, 0, 0, 0, 0, 0, 0, 0, 0, 0, 0, 0, 0, 0, 0, 0, 0, 0, 0, 0, 0, 0, 0, 0, 0, 0
0, 0, 0, 0, 0, 0, 0, 0, 0, 0, 0, 0, 0, 0, 0, 0, 0, 0, 0, 0, 0, 0, 0, 0, 0, 0, 0, 0, 0, 0, 0, 0, 0, 0, 0, 0, 0, 0, 0, 0, 0, 0, 0, 0, 0, 0, 0, 0, 0, 0, 0, 0, 0, 0, 0, 0, 0, 0, 0, 0, 0, 0, 0, 0, 0, 0, 0, 0, 0, 0, 0, 0, 0, 0, 0, 0, 0, 0, 0, 0, 0, 0, 0, 0, 0, 0, 0, 0, 0, 0, 0, 0, 0, 0, 0, 0, 0, 0, 0, 0
0, 0, 0, 0, 0, 0, 0, 0, 0, 0, 0, 0, 0, 0, 0, 0, 0, 0, 0, 0, 0, 0, 0, 0, 0, 0, 0, 0, 0, 0, 0, 0, 0, 0, 0, 0, 0, 0, 0, 0, 0, 0, 0, 0, 0, 0, 0, 0, 0, 0, 0, 0, 0, 0, 0, 0, 0, 0, 0, 0, 0, 0, 0, 0, 0, 0, 0, 0, 0, 0, 0, 0, 0, 0, 0, 0, 0, 0, 0, 0, 0, 0, 0, 0, 0, 0, 0, 0, 0, 0, 0, 0, 0, 0, 0, 0, 0, 0, 0, 0
0, 0, 0, 0, 0, 0, 0, 0, 0, 0, 0, 0, 0, 0, 0, 0, 0, 0, 0, 0, 0, 0, 0, 0, 0, 0, 0, 0, 0, 0, 0, 0, 0, 0, 0, 0, 0, 0, 0, 0, 0, 0, 0, 0, 0, 0, 0, 0, 0, 0, 0, 0, 0, 0, 0, 0, 0, 0, 0, 0, 0, 0, 0, 0, 0, 0, 0, 0, 0, 0, 0, 0, 0, 0, 0, 0, 0, 0, 0, 0, 0, 0, 0, 0, 0, 0, 0, 0, 0, 0, 0, 0, 0, 0, 0, 0, 0, 0, 0, 0
0, 0, 0, 0, 0, 0, 0, 0, 0, 0, 0, 0, 0, 0, 0, 0, 0, 0, 0, 0, 0, 0, 0, 0, 0, 0, 0, 0, 0, 0, 0, 0, 0, 0, 0, 0, 0, 0, 0, 0, 0, 0, 0, 0, 0, 0, 0, 0, 0, 0, 0, 0, 0, 0, 0, 0, 0, 0, 0, 0, 0, 0, 0, 0, 0, 0, 0, 0, 0, 0, 0, 0, 0, 0, 0, 0, 0, 0, 0, 0, 0, 0, 0, 0, 0, 0, 0, 0, 0, 0, 0, 0, 0, 0, 0, 0, 0, 0, 0, 0
0, 0, 0, 0, 0, 0, 0, 0, 0, 0, 0, 0, 0, 0, 0, 0, 0, 0, 0, 0, 0, 0, 0, 0, 0, 0, 0, 0, 0, 0, 0, 0, 0, 0, 0, 0, 0, 0, 0, 0, 0, 0, 0, 0, 0, 0, 0, 0, 0, 0, 0, 0, 0, 0, 0, 0, 0, 0, 0, 0, 0, 0, 0, 0, 0, 0, 0, 0, 0, 0, 0, 0, 0, 0, 0, 0, 0, 0, 0, 0, 0, 0, 0, 0, 0, 0, 0, 0, 0, 0, 0, 0, 0, 0, 0, 0, 0, 0, 0, 0
0, 0, 0, 0, 0, 0, 0, 0, 0, 0, 0, 0, 0, 0, 0, 0, 0, 0, 0, 0, 0, 0, 0, 0, 0, 0, 0, 0, 0, 0, 0, 0, 0, 0, 0, 0, 0, 0, 0, 0, 0, 0, 0, 0, 0, 0, 0, 0, 0, 0, 0, 0, 0, 0, 0, 0, 0, 0, 0, 0, 0, 0, 0, 0, 0, 0, 0, 0, 0, 0, 0, 0, 0, 0, 0, 0, 0, 0, 0, 0, 0, 0, 0, 0, 0, 0, 0, 0, 0, 0, 0, 0, 0, 0, 0, 0, 0, 0, 0, 0
0, 0, 0, 0, 0, 0, 0, 0, 0, 0, 0, 0, 0, 0, 0, 0, 0, 0, 0, 0, 0, 0, 0, 0, 0, 0, 0, 0, 0, 0, 0, 0, 0, 0, 0, 0, 0, 0, 0, 0, 0, 0, 0, 0, 0, 0, 0, 0, 0, 0, 0, 0, 0, 0, 0, 0, 0, 0, 0, 0, 0, 0, 0, 0, 0, 0, 0, 0, 0, 0, 0, 0, 0, 0, 0, 0, 0, 0, 0, 0, 0, 0, 0, 0, 0, 0, 0, 0, 0, 0, 0, 0, 0, 0, 0, 0, 0, 0, 0, 0
0, 0, 0, 0, 0, 0, 0, 0, 0, 0, 0, 0, 0, 0, 0, 0, 0, 0, 0, 0, 0, 0, 0, 0, 0, 0, 0, 0, 0, 0, 0, 0, 0, 0, 0, 0, 0, 0, 0, 0, 0, 0, 0, 0, 0, 0, 0, 0, 0, 0, 0, 0, 0, 0, 0, 0, 0, 0, 0, 0, 0, 0, 0, 0, 0, 0, 0, 0, 0, 0, 0, 0, 0, 0, 0, 0, 0, 0, 0, 0, 0, 0, 0, 0, 0, 0, 0, 0, 0, 0, 0, 0, 0, 0, 0, 0, 0, 0, 0, 0
0, 0, 0, 0, 0, 0, 0, 0, 0, 0, 0, 0, 0, 0, 0, 0, 0, 0, 0, 0, 0, 0, 0, 0, 0, 0, 0, 0, 0, 0, 0, 0, 0, 0, 0, 0, 0, 0, 0, 0, 0, 0, 0, 0, 0, 0, 0, 0, 0, 0, 0, 0, 0, 0, 0, 0, 0, 0, 0, 0, 0, 0, 0, 0, 0, 0, 0, 0, 0, 0, 0, 0, 0, 0, 0, 0, 0, 0, 0, 0, 0, 0, 0, 0, 0, 0, 0, 0, 0, 0, 0, 0, 0, 0, 0, 0, 0, 0, 0, 0
0, 0, 0, 0, 0, 0, 0, 0, 0, 0, 0, 0, 0, 0, 0, 0, 0, 0, 0, 0, 0, 0, 0, 0, 0, 0, 0, 0, 0, 0, 0, 0, 0, 0, 0, 0, 0, 0, 0, 0, 0, 0, 0, 0, 0, 0, 0, 0, 0, 0, 0, 0, 0, 0, 0, 0, 0, 0, 0, 0, 0, 0, 0, 0, 0, 0, 0, 0, 0, 0, 0, 0, 0, 0, 0, 0, 0, 0, 0, 0, 0, 0, 0, 0, 0, 0, 0, 0, 0, 0, 0, 0, 0, 0, 0, 0, 0, 0, 0, 0
0, 0, 0, 0, 0, 0, 0, 0, 0, 0, 0, 0, 0, 0, 0, 0, 0, 0, 0, 0, 0, 0, 0, 0, 0, 0, 0, 0, 0, 0, 0, 0, 0, 0, 0, 0, 0, 0, 0, 0, 0, 0, 0, 0, 0, 0, 0, 0, 0, 0, 0, 0, 0, 0, 0, 0, 0, 0, 0, 0, 0, 0, 0, 0, 0, 0, 0, 0, 0, 0, 0, 0, 0, 0, 0, 0, 0, 0, 0, 0, 0, 0, 0, 0, 0, 0, 0, 0, 0, 0, 0, 0, 0, 0, 0, 0, 0, 0, 0, 0
0, 0, 0, 0, 0, 0, 0, 0, 0, 0, 0, 0, 0, 0, 0, 0, 0, 0, 0, 0, 0, 0, 0, 0, 0, 0, 0, 0, 0, 0, 0, 0, 0, 0, 0, 0, 0, 0, 0, 0, 0, 0, 0, 0, 0, 0, 0, 0, 0, 0, 0, 0, 0, 0, 0, 0, 0, 0, 0, 0, 0, 0, 0, 0, 0, 0, 0, 0, 0, 0, 0, 0, 0, 0, 0, 0, 0, 0, 0, 0, 0, 0, 0, 0, 0, 0, 0, 0, 0, 0, 0, 0, 0, 0, 0, 0, 0, 0, 0, 0
0, 0, 0, 0, 0, 0, 0, 0, 0, 0, 0, 0, 0, 0, 0, 0, 0, 0, 0, 0, 0, 0, 0, 0, 0, 0, 0, 0, 0, 0, 0, 0, 0, 0, 0, 0, 0, 0, 0, 0, 0, 0, 0, 0, 0, 0, 0, 0, 0, 0, 0, 0, 0, 0, 0, 0, 0, 0, 0, 0, 0, 0, 0, 0, 0, 0, 0, 0, 0, 0, 0, 0, 0, 0, 0, 0, 0, 0, 0, 0, 0, 0, 0, 0, 0, 0, 0, 0, 0, 0, 0, 0, 0, 0, 0, 0, 0, 0, 0, 0
0, 0, 0, 0, 0, 0, 0, 0, 0, 0, 0, 0, 0, 0, 0, 0, 0, 0, 0, 0, 0, 0, 0, 0, 0, 0, 0, 0, 0, 0, 0, 0, 0, 0, 0, 0, 0, 0, 0, 0, 0, 0, 0, 0, 0, 0, 0, 0, 0, 0, 0, 0, 0, 0, 0, 0, 0, 0, 0, 0, 0, 0, 0, 0, 0, 0, 0, 0, 0, 0, 0, 0, 0, 0, 0, 0, 0, 0, 0, 0, 0, 0, 0, 0, 0, 0, 0, 0, 0, 0, 0, 0, 0, 0, 0, 0, 0, 0, 0, 0
0, 0, 0, 0, 0, 0, 0, 0, 0, 0, 0, 0, 0, 0, 0, 0, 0, 0, 0, 0, 0, 0, 0, 0, 0, 0, 0, 0, 0, 0, 0, 0, 0, 0, 0, 0, 0, 0, 0, 0, 0, 0, 0, 0, 0, 0, 0, 0, 0, 0, 0, 0, 0, 0, 0, 0, 0, 0, 0, 0, 0, 0, 0, 0, 0, 0, 0, 0, 0, 0, 0, 0, 0, 0, 0, 0, 0, 0, 0, 0, 0, 0, 0, 0, 0, 0, 0, 0, 0, 0, 0, 0, 0, 0, 0, 0, 0, 0, 0, 0
0, 0, 0, 0, 0, 0, 0, 0, 0, 0, 0, 0, 0, 0, 0, 0, 0, 0, 0, 0, 0, 0, 0, 0, 0, 0, 0, 0, 0, 0, 0, 0, 0, 0, 0, 0, 0, 0, 0, 0, 0, 0, 0, 0, 0, 0, 0, 0, 0, 0, 0, 0, 0, 0, 0, 0, 0, 0, 0, 0, 0, 0, 0, 0, 0, 0, 0, 0, 0, 0, 0, 0, 0, 0, 0, 0, 0, 0, 0, 0, 0, 0, 0, 0, 0, 0, 0, 0, 0, 0, 0, 0, 0, 0, 0, 0, 0, 0, 0, 0
