0.160068, 0.0176056, 0.00878699, 0.00500211, 0.00295893, 0.001812, 0.00113408, 0.000720541, 0.000460098, 0.000301481, 0.00019955, 0.000133466, 8.92785e-05, 6.00194e-05, 4.04542e-05, 2.77005e-05, 1.90547e-05, 1.34132e-05, 9.06767e-06, 6.14366e-06, 4.38492e-06, 3.16297e-06, 2.21098e-06, 1.54927e-06, 1.08096e-06, 7.8755e-07, 5.52133e-07, 4.02722e-07, 2.84675e-07, 1.94105e-07, 1.42311e-07, 9.62465e-08, 7.09115e-08, 5.36189e-08, 3.86949e-08, 2.53765e-08, 1.70567e-08, 1.23031e-08, 1.11525e-08, 7.67335e-09, 6.0348e-09, 3.91758e-09, 2.7528e-09, 2.07654e-09, 1.54895e-09, 1.12222e-09, 7.51208e-10, 5.25482e-10, 4.55879e-10, 4.1332e-10, 2.41603e-10, 2.57176e-10, 1.04377e-10, 8.12248e-11, 5.40202e-11, 5.32423e-11, 2.8223e-11, 3.35242e-11, 3.64001e-11, 1.34575e-11, 1.26005e-11, 2.19566e-12, 2.94684e-12, 3.77787e-12, 5.78577e-13, 0, 7.8711e-13, 2.26979e-12, 4.53485e-13, 2.11865e-13, 2.7304e-13, 0, 0, 0, 0, 0, 0, 0, 0, 0, 0, 0, 0, 0, 0, 0, 0, 0, 0, 0, 0, 0, 0, 0, 0, 0, 0, 0, 0, 0
0.09735, 0.0211836, 0.00938697, 0.0051523, 0.00303156, 0.00185071, 0.00116555, 0.000742843, 0.000484524, 0.000316101, 0.000209329, 0.000140188, 9.41147e-05, 6.40609e-05, 4.33767e-05, 2.96683e-05, 2.06723e-05, 1.41964e-05, 9.73253e-06, 6.9141e-06, 4.95462e-06, 3.3567e-06, 2.34137e-06, 1.70582e-06, 1.20285e-06, 8.16873e-07, 5.99494e-07, 4.27489e-07, 2.94068e-07, 2.10849e-07, 1.42817e-07, 1.07818e-07, 7.74729e-08, 5.68685e-08, 3.90178e-08, 2.69683e-08, 1.90727e-08, 1.35575e-08, 1.01415e-08, 7.9253e-09, 5.47339e-09, 4.03624e-09, 2.99551e-09, 2.29888e-09, 1.52089e-09, 1.1686e-09, 8.4918e-10, 8.40484e-10, 5.1897e-10, 4.1678e-10, 1.91136e-10, 1.87258e-10, 1.38595e-10, 7.67295e-11, 1.07292e-10, 6.17105e-11, 4.52044e-11, 2.82581e-11, 2.75508e-11, 2.16264e-11, 9.14848e-12, 4.75402e-12, 3.76443e-12, 1.26657e-12, 1.08966e-13, 1.05188e-13, 0, 8.30406e-13, 3.48406e-12, 2.0665e-12, 2.54678e-12, 1.21198e-12, 1.27657e-13, 0, 0, 0, 0, 0, 0, 0, 0, 0, 0, 0, 0, 0, 0, 0, 0, 0, 0, 0, 0, 0, 0, 0, 0, 0, 0, 0
0.0415102, 0.0178466, 0.00869338, 0.00486294, 0.00292477, 0.00181321, 0.00114751, 0.000744684, 0.000485115, 0.000322971, 0.000215965, 0.000144037, 9.8647e-05, 6.70882e-05, 4.58201e-05, 3.17613e-05, 2.19415e-05, 1.48997e-05, 1.04138e-05, 7.40124e-06, 5.1909e-06, 3.62423e-06, 2.55956e-06, 1.82172e-06, 1.2889e-06, 9.06963e-07, 6.68901e-07, 4.73008e-07, 3.23585e-07, 2.30145e-07, 1.63569e-07, 1.19234e-07, 8.09338e-08, 6.26209e-08, 4.41386e-08, 3.11516e-08, 2.24219e-08, 1.6213e-08, 1.23479e-08, 8.85294e-09, 6.61796e-09, 4.85997e-09, 3.3806e-09, 2.26975e-09, 2.02449e-09, 1.43683e-09, 8.96178e-10, 8.0426e-10, 3.92329e-10, 3.12221e-10, 2.71505e-10, 1.89345e-10, 1.09924e-10, 8.32997e-11, 8.92057e-11, 6.07016e-11, 5.13061e-11, 2.97161e-11, 1.88096e-11, 1.74304e-11, 5.03649e-12, 4.21912e-12, 3.32846e-12, 0, 1.9551e-12, 1.63146e-12, 1.29035e-12, 8.70772e-13, 1.56789e-12, 7.04523e-13, 1.28734e-12, 2.58231e-12, 1.136e-12, 0, 0, 0, 0, 0, 0, 0, 0, 0, 0, 0, 0, 0, 0, 0, 0, 0, 0, 0, 0, 0, 0, 0, 0, 0, 0, 0
0.0177173, 0.0114384, 0.0067697, 0.00410041, 0.00256784, 0.00164433, 0.00106867, 0.000699818, 0.000463203, 0.000310759, 0.000210123, 0.000143991, 9.84396e-05, 6.72262e-05, 4.62097e-05, 3.19896e-05, 2.22768e-05, 1.55686e-05, 1.05811e-05, 7.58548e-06, 5.31043e-06, 3.7773e-06, 2.70226e-06, 1.8967e-06, 1.35339e-06, 9.90263e-07, 6.92412e-07, 5.03522e-07, 3.41058e-07, 2.40875e-07, 1.76646e-07, 1.16654e-07, 8.92582e-08, 6.68302e-08, 4.87794e-08, 3.3401e-08, 2.36725e-08, 1.92159e-08, 1.40578e-08, 9.70356e-09, 6.75969e-09, 4.82022e-09, 3.07477e-09, 2.31408e-09, 1.81895e-09, 1.52539e-09, 1.22158e-09, 8.54617e-10, 6.13044e-10, 3.35465e-10, 2.88323e-10, 2.67569e-10, 1.33579e-10, 1.49452e-10, 5.62775e-11, 4.36373e-11, 5.40353e-11, 4.41678e-11, 2.95655e-11, 1.5592e-11, 1.10653e-11, 4.11782e-12, 7.81084e-12, 2.81708e-12, 3.19662e-13, 7.50949e-13, 3.70299e-13, 2.64238e-13, 8.05464e-13, 1.13499e-12, 0, 0, 0, 0, 0, 0, 0, 0, 0, 0, 0, 0, 0, 0, 0, 0, 0, 0, 0, 0, 0, 0, 0, 0, 0, 0, 0, 0, 0, 0
0.00860764, 0.00677809, 0.00469583, 0.00314432, 0.00208769, 0.00140142, 0.000940447, 0.000630913, 0.000427115, 0.00028949, 0.000199353, 0.000137069, 9.44685e-05, 6.56439e-05, 4.56493e-05, 3.18968e-05, 2.20433e-05, 1.54152e-05, 1.06919e-05, 7.72117e-06, 5.39192e-06, 3.87177e-06, 2.76445e-06, 1.91267e-06, 1.36802e-06, 9.92787e-07, 6.94204e-07, 4.95163e-07, 3.6449e-07, 2.595e-07, 1.86655e-07, 1.28412e-07, 9.19837e-08, 6.70346e-08, 5.54244e-08, 3.63145e-08, 2.52922e-08, 1.83904e-08, 1.40885e-08, 9.89379e-09, 7.30172e-09, 4.53538e-09, 3.56327e-09, 2.63079e-09, 2.06702e-09, 1.54874e-09, 1.20961e-09, 8.59701e-10, 6.3888e-10, 4.31944e-10, 2.99512e-10, 2.93129e-10, 2.75797e-10, 1.89178e-10, 1.02014e-10, 7.15802e-11, 3.47385e-11, 2.33601e-11, 2.07214e-11, 2.13126e-11, 6.73619e-12, 7.17619e-12, 5.54847e-12, 7.99594e-13, 7.56829e-13, 9.60647e-13, 8.29077e-13, 9.28714e-13, 2.22837e-12, 2.48916e-12, 0, 0, 0, 0, 0, 0, 0, 0, 0, 0, 0, 0, 0, 0, 0, 0, 0, 0, 0, 0, 0, 0, 0, 0, 0, 0, 0, 0, 0, 0
0.00475709, 0.00404517, 0.00313542, 0.00228405, 0.00161103, 0.00112137, 0.000782602, 0.000539653, 0.000376241, 0.000260192, 0.000181374, 0.000126275, 8.76169e-05, 6.14033e-05, 4.32357e-05, 2.99852e-05, 2.13418e-05, 1.5011e-05, 1.07967e-05, 7.61051e-06, 5.53291e-06, 3.83972e-06, 2.69196e-06, 1.94412e-06, 1.36028e-06, 9.71398e-07, 6.83101e-07, 5.24175e-07, 3.60462e-07, 2.60954e-07, 1.8568e-07, 1.34241e-07, 9.40508e-08, 6.70137e-08, 5.33632e-08, 3.92285e-08, 2.53914e-08, 1.79281e-08, 1.2845e-08, 8.71798e-09, 6.52653e-09, 4.55575e-09, 3.4675e-09, 3.0025e-09, 2.05066e-09, 1.6592e-09, 1.16668e-09, 1.07961e-09, 6.36469e-10, 5.00365e-10, 2.42322e-10, 2.59099e-10, 1.99253e-10, 2.28239e-10, 1.22681e-10, 6.06575e-11, 4.43988e-11, 2.92987e-11, 1.63834e-11, 1.39416e-11, 1.33165e-11, 1.02177e-11, 5.77432e-12, 1.27796e-12, 3.77084e-12, 2.25967e-12, 2.03341e-12, 3.29279e-12, 8.6167e-13, 4.01849e-13, 0, 0, 0, 0, 0, 0, 0, 0, 0, 0, 0, 0, 0, 0, 0, 0, 0, 0, 0, 0, 0, 0, 0, 0, 0, 0, 0, 0, 0, 0
0.00282573, 0.0025342, 0.00207145, 0.00160597, 0.0011975, 0.000873581, 0.000628243, 0.000447939, 0.000316035, 0.000223896, 0.000159694, 0.000112131, 7.88241e-05, 5.58365e-05, 3.94715e-05, 2.82434e-05, 1.99306e-05, 1.42219e-05, 1.01933e-05, 7.34655e-06, 5.27374e-06, 3.80233e-06, 2.6865e-06, 1.84064e-06, 1.36683e-06, 9.89635e-07, 7.25872e-07, 5.24047e-07, 3.73535e-07, 2.57059e-07, 1.84106e-07, 1.39952e-07, 9.64775e-08, 7.15608e-08, 5.2057e-08, 3.62607e-08, 2.6816e-08, 1.98708e-08, 1.29598e-08, 9.90593e-09, 7.32934e-09, 5.0348e-09, 3.35762e-09, 3.16039e-09, 2.2584e-09, 1.612e-09, 1.06203e-09, 7.96161e-10, 6.49114e-10, 4.02477e-10, 2.70805e-10, 2.55081e-10, 2.38586e-10, 1.4903e-10, 8.90289e-11, 5.57114e-11, 3.78314e-11, 2.40817e-11, 1.19664e-11, 1.41048e-11, 5.76972e-12, 7.72749e-12, 3.41965e-12, 3.84521e-12, 3.08103e-12, 2.37866e-12, 4.84297e-13, 1.03206e-12, 2.99451e-12, 0, 0, 0, 0, 0, 0, 0, 0, 0, 0, 0, 0, 0, 0, 0, 0, 0, 0, 0, 0, 0, 0, 0, 0, 0, 0, 0, 0, 0, 0, 0
0.00174806, 0.00160782, 0.0013675, 0.00111374, 0.00087149, 0.000660583, 0.000491022, 0.000360227, 0.000261604, 0.000187601, 0.00013694, 9.80888e-05, 7.01299e-05, 5.05489e-05, 3.60733e-05, 2.57331e-05, 1.80923e-05, 1.30653e-05, 9.48312e-06, 6.9537e-06, 4.98677e-06, 3.54996e-06, 2.52307e-06, 1.80534e-06, 1.29103e-06, 9.62504e-07, 6.70782e-07, 5.09592e-07, 3.74814e-07, 2.80569e-07, 1.91299e-07, 1.39886e-07, 9.55784e-08, 7.37933e-08, 5.28284e-08, 3.5251e-08, 2.63048e-08, 2.04828e-08, 1.48359e-08, 1.1447e-08, 7.27699e-09, 5.189e-09, 3.52415e-09, 3.02859e-09, 2.17858e-09, 1.43107e-09, 8.401e-10, 7.25489e-10, 4.70736e-10, 4.04005e-10, 3.17666e-10, 2.58994e-10, 2.11798e-10, 1.48518e-10, 8.1024e-11, 5.59561e-11, 4.14475e-11, 3.0759e-11, 1.55212e-11, 9.37878e-12, 7.60299e-12, 6.12676e-12, 9.01075e-12, 4.24791e-12, 1.93496e-12, 1.08986e-12, 1.12367e-13, 1.77726e-12, 2.7139e-12, 5.54776e-13, 1.23668e-13, 1.57025e-13, 0, 0, 0, 0, 0, 0, 0, 0, 0, 0, 0, 0, 0, 0, 0, 0, 0, 0, 0, 0, 0, 0, 0, 0, 0, 0, 0, 0
0.00111085, 0.0010362, 0.00092101, 0.000769606, 0.000619846, 0.000488513, 0.000371358, 0.00028198, 0.000210699, 0.000154754, 0.000114129, 8.35777e-05, 6.09972e-05, 4.43828e-05, 3.1986e-05, 2.30621e-05, 1.61984e-05, 1.17102e-05, 8.64096e-06, 6.31006e-06, 4.65047e-06, 3.30652e-06, 2.4034e-06, 1.77168e-06, 1.23906e-06, 9.25978e-07, 6.63486e-07, 4.66462e-07, 3.36974e-07, 2.50625e-07, 1.82858e-07, 1.32894e-07, 9.77077e-08, 6.82489e-08, 5.16705e-08, 3.62068e-08, 2.84362e-08, 2.10029e-08, 1.40527e-08, 1.02637e-08, 8.17707e-09, 5.22913e-09, 3.81828e-09, 3.19597e-09, 2.51239e-09, 1.79735e-09, 1.09614e-09, 8.49681e-10, 6.02377e-10, 4.59351e-10, 3.72522e-10, 2.34782e-10, 2.15465e-10, 1.47314e-10, 9.22334e-11, 5.28204e-11, 4.11764e-11, 3.05084e-11, 1.17612e-11, 1.46906e-11, 1.37414e-11, 1.00123e-11, 2.82414e-12, 5.53868e-12, 3.0095e-12, 1.58211e-12, 1.69491e-12, 2.55733e-12, 1.28301e-12, 3.23388e-13, 2.29646e-12, 2.95907e-13, 0, 0, 0, 0, 0, 0, 0, 0, 0, 0, 0, 0, 0, 0, 0, 0, 0, 0, 0, 0, 0, 0, 0, 0, 0, 0, 0, 0
0.000718388, 0.000681534, 0.000620557, 0.000530872, 0.000439975, 0.00035536, 0.000278546, 0.000215054, 0.000162939, 0.000124309, 9.30338e-05, 6.90513e-05, 5.12567e-05, 3.75961e-05, 2.77552e-05, 2.01772e-05, 1.45405e-05, 1.06278e-05, 7.69633e-06, 5.64862e-06, 4.14556e-06, 2.9683e-06, 2.21692e-06, 1.59856e-06, 1.16723e-06, 8.27094e-07, 5.93159e-07, 4.5612e-07, 3.30548e-07, 2.33225e-07, 1.73874e-07, 1.30385e-07, 8.9957e-08, 6.02256e-08, 4.81941e-08, 3.71123e-08, 2.62902e-08, 1.92552e-08, 1.38109e-08, 1.12169e-08, 7.65016e-09, 5.32414e-09, 3.94224e-09, 2.68192e-09, 2.28066e-09, 1.75088e-09, 1.38733e-09, 1.00454e-09, 7.1184e-10, 4.43984e-10, 2.35884e-10, 1.87095e-10, 1.73901e-10, 1.02477e-10, 8.0677e-11, 6.18649e-11, 4.06997e-11, 2.50368e-11, 1.47659e-11, 1.29533e-11, 8.17381e-12, 3.65957e-12, 7.88013e-12, 1.25261e-12, 3.69771e-12, 2.94277e-12, 2.16475e-12, 5.7416e-13, 1.01113e-12, 1.23411e-12, 1.76313e-12, 1.05032e-13, 1.04726e-12, 0, 0, 2.20479e-14, 6.3995e-14, 0, 0, 0, 0, 0, 0, 0, 0, 0, 0, 0, 0, 0, 0, 0, 0, 0, 0, 0, 0, 0, 0, 0
0.000489247, 0.000460078, 0.000421152, 0.000369441, 0.000312622, 0.00025784, 0.00020937, 0.000166474, 0.000128285, 9.78765e-05, 7.50828e-05, 5.67972e-05, 4.31482e-05, 3.18425e-05, 2.36613e-05, 1.71009e-05, 1.28087e-05, 9.39497e-06, 7.02797e-06, 4.93035e-06, 3.67305e-06, 2.69263e-06, 1.98458e-06, 1.4726e-06, 1.07483e-06, 7.73797e-07, 5.6889e-07, 4.18257e-07, 3.03855e-07, 2.23625e-07, 1.62772e-07, 1.1658e-07, 8.97812e-08, 6.78213e-08, 4.35128e-08, 3.38744e-08, 2.78615e-08, 1.75997e-08, 1.34284e-08, 9.66908e-09, 6.86952e-09, 4.99914e-09, 4.15067e-09, 3.41571e-09, 2.18467e-09, 1.40804e-09, 1.05308e-09, 7.61477e-10, 5.88229e-10, 3.20126e-10, 2.6561e-10, 1.91294e-10, 1.57471e-10, 1.08473e-10, 8.99375e-11, 6.98516e-11, 4.12903e-11, 2.0189e-11, 1.56785e-11, 1.57882e-11, 7.33889e-12, 4.04019e-12, 1.38664e-12, 3.71177e-12, 3.59589e-12, 1.86646e-12, 5.96891e-13, 1.35555e-12, 2.30739e-12, 2.87719e-12, 1.17195e-12, 1.05396e-12, 6.03953e-13, 6.00993e-13, 5.34044e-13, 4.39561e-12, 2.18962e-13, 0, 0, 0, 0, 0, 0, 0, 0, 0, 0, 0, 0, 0, 0, 0, 0, 0, 0, 0, 0, 0, 0, 0
0.00033296, 0.000318271, 0.000293906, 0.000259374, 0.000224909, 0.000187604, 0.000154094, 0.000123769, 9.99058e-05, 7.74528e-05, 6.00527e-05, 4.60617e-05, 3.48338e-05, 2.63909e-05, 1.98562e-05, 1.47324e-05, 1.09346e-05, 8.29004e-06, 6.07271e-06, 4.45809e-06, 3.2535e-06, 2.41844e-06, 1.81184e-06, 1.31877e-06, 9.40155e-07, 6.96486e-07, 5.26446e-07, 3.81085e-07, 2.91623e-07, 2.05236e-07, 1.57072e-07, 1.07663e-07, 7.70854e-08, 5.70834e-08, 4.62675e-08, 3.20314e-08, 2.35226e-08, 1.68834e-08, 1.26997e-08, 8.83618e-09, 7.14013e-09, 5.39399e-09, 4.01538e-09, 3.18157e-09, 2.16382e-09, 1.36378e-09, 1.09606e-09, 8.00068e-10, 4.92422e-10, 4.06861e-10, 3.67275e-10, 2.31216e-10, 1.85138e-10, 1.0823e-10, 8.83734e-11, 5.57709e-11, 2.43e-11, 1.82984e-11, 2.3008e-11, 1.48221e-11, 4.21423e-12, 4.91787e-12, 5.97761e-12, 5.8809e-12, 1.04472e-12, 8.68232e-13, 1.90877e-12, 4.65343e-12, 2.06557e-12, 2.75385e-12, 1.10678e-12, 4.77793e-14, 3.66308e-13, 1.15083e-12, 1.95103e-12, 7.81792e-12, 3.48614e-12, 0, 0, 0, 0, 0, 0, 0, 0, 0, 0, 0, 0, 0, 0, 0, 0, 0, 0, 0, 0, 0, 0, 0
0.000226574, 0.000218742, 0.00020423, 0.000181822, 0.00016049, 0.00013642, 0.000111587, 9.23034e-05, 7.58526e-05, 6.03002e-05, 4.73475e-05, 3.68042e-05, 2.80244e-05, 2.13104e-05, 1.62708e-05, 1.24059e-05, 9.32935e-06, 6.93139e-06, 5.19539e-06, 3.8383e-06, 2.84331e-06, 2.09975e-06, 1.53106e-06, 1.18018e-06, 8.54428e-07, 6.12983e-07, 4.76089e-07, 3.58101e-07, 2.65251e-07, 1.8761e-07, 1.41135e-07, 1.08952e-07, 7.43172e-08, 5.67237e-08, 4.47802e-08, 3.13373e-08, 2.15046e-08, 1.76001e-08, 1.16421e-08, 8.82519e-09, 7.00129e-09, 5.10516e-09, 3.7909e-09, 2.84013e-09, 1.99451e-09, 1.32959e-09, 1.06905e-09, 6.54568e-10, 5.45711e-10, 4.34655e-10, 3.88636e-10, 2.47859e-10, 1.58044e-10, 1.29512e-10, 5.38202e-11, 4.3886e-11, 2.4793e-11, 1.94412e-11, 2.93091e-11, 5.75103e-12, 1.02099e-11, 7.42836e-12, 5.68992e-12, 4.22235e-12, 2.32757e-12, 2.31981e-12, 2.45467e-12, 5.55295e-13, 2.14315e-12, 3.4543e-13, 7.59727e-13, 2.00695e-13, 2.34746e-13, 4.44032e-14, 1.60375e-13, 0, 1.05875e-12, 0, 0, 0, 0, 0, 0, 0, 0, 0, 0, 0, 0, 0, 0, 0, 0, 0, 0, 0, 0, 0, 0, 0
0.000154189, 0.000149082, 0.000142071, 0.000128191, 0.000114521, 9.95812e-05, 8.26052e-05, 6.97196e-05, 5.69273e-05, 4.63922e-05, 3.68811e-05, 2.88822e-05, 2.26034e-05, 1.72489e-05, 1.30909e-05, 9.99624e-06, 7.87524e-06, 5.88564e-06, 4.3759e-06, 3.3243e-06, 2.5159e-06, 1.80817e-06, 1.36662e-06, 1.03518e-06, 7.72021e-07, 5.7113e-07, 4.23433e-07, 3.25369e-07, 2.34339e-07, 1.73693e-07, 1.29567e-07, 9.80582e-08, 7.20879e-08, 5.01354e-08, 4.03593e-08, 3.05981e-08, 2.00725e-08, 1.49388e-08, 1.03424e-08, 8.17263e-09, 6.08399e-09, 4.56281e-09, 3.16149e-09, 2.33374e-09, 2.27956e-09, 1.47231e-09, 1.03072e-09, 6.58741e-10, 4.83002e-10, 3.32991e-10, 3.01478e-10, 2.52279e-10, 1.48219e-10, 8.2279e-11, 4.30173e-11, 4.93245e-11, 3.31237e-11, 1.82746e-11, 1.56011e-11, 1.37801e-11, 8.21558e-12, 4.77868e-12, 7.1393e-12, 3.05428e-12, 1.06463e-12, 1.67246e-12, 6.66462e-13, 7.43275e-13, 2.24811e-12, 2.44523e-13, 1.86894e-13, 7.16748e-13, 1.31247e-12, 1.7326e-13, 0, 0, 0, 0, 0, 0, 0, 0, 0, 0, 0, 0, 0, 0, 0, 0, 0, 0, 0, 0, 0, 0, 0, 0, 0, 0
0.000108914, 0.000104913, 0.000100008, 9.10679e-05, 8.26288e-05, 7.21561e-05, 6.14974e-05, 5.16203e-05, 4.33654e-05, 3.51686e-05, 2.83724e-05, 2.23269e-05, 1.7859e-05, 1.3958e-05, 1.08509e-05, 8.29019e-06, 6.37005e-06, 4.8638e-06, 3.74498e-06, 2.85037e-06, 2.18297e-06, 1.59746e-06, 1.18386e-06, 8.95578e-07, 6.93661e-07, 5.16398e-07, 3.91605e-07, 2.84461e-07, 2.00314e-07, 1.5846e-07, 1.16764e-07, 8.59664e-08, 6.37971e-08, 4.58154e-08, 3.47561e-08, 2.80019e-08, 2.01083e-08, 1.3005e-08, 1.03802e-08, 7.78242e-09, 5.58118e-09, 4.20201e-09, 3.06595e-09, 2.28425e-09, 1.87853e-09, 1.22665e-09, 9.82345e-10, 5.6533e-10, 4.7895e-10, 3.03307e-10, 2.02743e-10, 1.63091e-10, 1.07942e-10, 8.55348e-11, 6.18448e-11, 2.87916e-11, 1.69193e-11, 1.96821e-11, 1.83866e-11, 8.65006e-12, 1.23683e-11, 4.01386e-12, 7.70611e-12, 5.96232e-12, 2.38372e-12, 1.26692e-12, 6.75012e-13, 1.16611e-12, 1.67691e-12, 1.18009e-12, 1.54863e-12, 0, 6.08855e-13, 1.25494e-13, 0, 0, 0, 0, 0, 0, 0, 0, 0, 0, 0, 0, 0, 0, 0, 0, 0, 0, 0, 0, 0, 0, 0, 0, 0, 0
7.62486e-05, 7.34369e-05, 6.99414e-05, 6.6099e-05, 5.9475e-05, 5.14283e-05, 4.44421e-05, 3.74078e-05, 3.15793e-05, 2.60532e-05, 2.16869e-05, 1.74969e-05, 1.39021e-05, 1.09557e-05, 8.66901e-06, 6.82584e-06, 5.14795e-06, 3.94268e-06, 3.03508e-06, 2.29587e-06, 1.7764e-06, 1.37477e-06, 1.01144e-06, 7.61272e-07, 6.144e-07, 4.62054e-07, 3.41585e-07, 2.57425e-07, 1.89955e-07, 1.41286e-07, 9.98181e-08, 7.73693e-08, 5.72782e-08, 4.19931e-08, 3.29601e-08, 2.43779e-08, 1.95206e-08, 1.52643e-08, 9.85908e-09, 6.80124e-09, 5.77363e-09, 4.015e-09, 2.5859e-09, 2.08069e-09, 1.47633e-09, 9.46793e-10, 7.23267e-10, 6.34723e-10, 5.14643e-10, 3.29577e-10, 1.99574e-10, 1.6041e-10, 1.25239e-10, 8.55236e-11, 4.14415e-11, 2.58259e-11, 3.19619e-11, 2.42391e-11, 2.76884e-11, 9.69051e-12, 1.94711e-11, 5.82405e-12, 2.50993e-12, 6.24569e-12, 2.173e-12, 9.04502e-13, 2.21585e-12, 6.07653e-13, 3.89496e-13, 8.64026e-13, 1.11068e-13, 1.19389e-12, 5.79305e-13, 2.40024e-13, 7.58439e-14, 7.33648e-14, 0, 0, 0, 0, 0, 0, 0, 0, 0, 0, 0, 0, 0, 0, 0, 0, 0, 0, 0, 0, 0, 0, 0, 0
5.3723e-05, 5.1293e-05, 5.0126e-05, 4.74334e-05, 4.29976e-05, 3.71417e-05, 3.26303e-05, 2.78526e-05, 2.39023e-05, 2.01223e-05, 1.68534e-05, 1.33687e-05, 1.08386e-05, 8.62422e-06, 7.02887e-06, 5.54218e-06, 4.24513e-06, 3.21052e-06, 2.49958e-06, 2.003e-06, 1.48465e-06, 1.125e-06, 8.44272e-07, 6.63666e-07, 5.12903e-07, 4.00759e-07, 2.76963e-07, 2.21109e-07, 1.65093e-07, 1.31886e-07, 9.35803e-08, 6.98954e-08, 5.58988e-08, 3.7885e-08, 2.96458e-08, 2.2891e-08, 1.59772e-08, 1.37863e-08, 9.7548e-09, 7.22458e-09, 5.6799e-09, 3.77722e-09, 2.62729e-09, 1.8697e-09, 1.34811e-09, 9.35819e-10, 6.796e-10, 5.15423e-10, 5.09122e-10, 4.61812e-10, 1.63239e-10, 1.27371e-10, 1.05097e-10, 7.75142e-11, 5.76514e-11, 3.82066e-11, 2.23736e-11, 2.04935e-11, 1.88528e-11, 1.06357e-11, 1.12412e-11, 1.52221e-12, 6.6965e-13, 3.44765e-12, 2.8872e-12, 2.52212e-12, 8.93694e-13, 1.2588e-12, 2.93558e-12, 1.32932e-12, 1.28777e-12, 1.33686e-12, 5.45992e-13, 0, 7.28845e-14, 7.05021e-14, 0, 0, 0, 0, 0, 0, 0, 0, 0, 0, 0, 0, 0, 0, 0, 0, 0, 0, 0, 0, 0, 0, 0, 0
3.8907e-05, 3.55169e-05, 3.52924e-05, 3.34895e-05, 3.05826e-05, 2.6795e-05, 2.39368e-05, 2.07594e-05, 1.77101e-05, 1.49024e-05, 1.26824e-05, 1.02604e-05, 8.24636e-06, 6.80208e-06, 5.469e-06, 4.28534e-06, 3.37472e-06, 2.61729e-06, 2.07789e-06, 1.6519e-06, 1.27683e-06, 9.32809e-07, 7.1366e-07, 5.60075e-07, 4.32938e-07, 3.29867e-07, 2.47022e-07, 1.87563e-07, 1.43822e-07, 1.03559e-07, 7.88664e-08, 6.17767e-08, 4.72582e-08, 3.59178e-08, 2.79482e-08, 1.95742e-08, 1.47475e-08, 1.13886e-08, 8.20446e-09, 6.40305e-09, 4.34785e-09, 3.28376e-09, 2.47024e-09, 1.63307e-09, 1.07673e-09, 8.58507e-10, 6.22566e-10, 4.57907e-10, 3.67176e-10, 3.48117e-10, 2.10884e-10, 1.53646e-10, 1.14168e-10, 6.54101e-11, 5.75922e-11, 3.38058e-11, 3.29231e-11, 2.27196e-11, 1.45474e-11, 8.56633e-12, 9.37702e-12, 2.04717e-12, 4.65392e-12, 2.25977e-12, 3.02032e-12, 1.91952e-12, 3.2853e-12, 5.15068e-12, 3.28405e-12, 3.36615e-12, 7.52987e-13, 4.84761e-13, 6.59187e-13, 0, 0, 3.47284e-14, 0, 0, 0, 0, 0, 0, 0, 0, 0, 0, 0, 0, 0, 0, 0, 0, 0, 0, 0, 0, 0, 0, 0, 0
2.56929e-05, 2.58758e-05, 2.502e-05, 2.36964e-05, 2.23428e-05, 1.97843e-05, 1.73429e-05, 1.5185e-05, 1.3096e-05, 1.11811e-05, 9.63534e-06, 7.83802e-06, 6.52481e-06, 5.32843e-06, 4.34401e-06, 3.36469e-06, 2.694e-06, 2.13342e-06, 1.68986e-06, 1.35268e-06, 1.07365e-06, 8.10977e-07, 6.23999e-07, 4.7787e-07, 3.64078e-07, 2.81517e-07, 2.14356e-07, 1.61792e-07, 1.21222e-07, 9.29155e-08, 7.30149e-08, 5.61987e-08, 4.25941e-08, 2.95833e-08, 2.36433e-08, 1.81792e-08, 1.26278e-08, 9.14705e-09, 7.962e-09, 5.29073e-09, 4.00514e-09, 3.08566e-09, 2.13316e-09, 1.57746e-09, 1.02173e-09, 8.46472e-10, 5.67204e-10, 6.10642e-10, 3.79983e-10, 2.77533e-10, 2.84448e-10, 1.64625e-10, 1.25174e-10, 5.47345e-11, 3.90371e-11, 3.84446e-11, 2.52196e-11, 2.26693e-11, 1.52062e-11, 7.86888e-12, 9.17631e-12, 5.45794e-12, 6.10051e-12, 3.91918e-12, 2.79013e-13, 1.74105e-12, 9.54591e-13, 3.25552e-13, 6.76384e-13, 6.69203e-13, 2.78051e-13, 5.46855e-14, 4.5318e-13, 6.94496e-14, 1.03507e-13, 0, 0, 0, 0, 0, 0, 0, 0, 0, 0, 0, 0, 0, 0, 0, 0, 0, 0, 0, 0, 0, 0, 0, 0, 0
1.97077e-05, 1.9248e-05, 1.77246e-05, 1.6589e-05, 1.54896e-05, 1.42141e-05, 1.2741e-05, 1.12808e-05, 9.93895e-06, 8.38103e-06, 7.11323e-06, 6.01658e-06, 4.87662e-06, 4.06471e-06, 3.37844e-06, 2.71834e-06, 2.14702e-06, 1.70985e-06, 1.40936e-06, 1.10393e-06, 8.57837e-07, 6.6064e-07, 5.17841e-07, 3.90052e-07, 2.95094e-07, 2.36259e-07, 1.84069e-07, 1.34407e-07, 1.01975e-07, 8.11322e-08, 6.26135e-08, 4.66293e-08, 3.74982e-08, 2.76399e-08, 2.10666e-08, 1.63054e-08, 1.17851e-08, 8.23391e-09, 6.33972e-09, 4.76787e-09, 3.77974e-09, 2.22483e-09, 1.82282e-09, 1.3042e-09, 9.75453e-10, 6.93004e-10, 5.88145e-10, 5.26908e-10, 3.28005e-10, 2.5343e-10, 1.93511e-10, 1.37295e-10, 8.3967e-11, 6.69703e-11, 4.58431e-11, 2.75869e-11, 2.99843e-11, 1.45761e-11, 1.50369e-11, 5.38155e-12, 7.47032e-12, 4.31643e-12, 6.5113e-12, 3.60472e-12, 4.20123e-12, 1.91465e-12, 1.48614e-12, 8.71077e-13, 3.00242e-13, 6.62411e-13, 6.7953e-13, 5.55875e-13, 0, 0, 0, 0, 0, 0, 0, 0, 0, 0, 0, 0, 0, 0, 0, 0, 0, 0, 0, 0, 0, 0, 0, 0, 0, 0, 0, 0
1.34292e-05, 1.33806e-05, 1.29509e-05, 1.193e-05, 1.13551e-05, 1.03551e-05, 9.56617e-06, 8.30696e-06, 7.18057e-06, 6.25207e-06, 5.33839e-06, 4.66485e-06, 3.82283e-06, 3.17046e-06, 2.63971e-06, 2.14239e-06, 1.72237e-06, 1.38539e-06, 1.10275e-06, 8.95665e-07, 6.9198e-07, 5.26343e-07, 4.25843e-07, 3.14931e-07, 2.53952e-07, 2.0432e-07, 1.52706e-07, 1.1591e-07, 8.94633e-08, 7.18661e-08, 5.5214e-08, 3.90263e-08, 3.23955e-08, 2.30673e-08, 1.72072e-08, 1.2224e-08, 9.55577e-09, 7.90965e-09, 5.64694e-09, 4.14697e-09, 3.03038e-09, 2.26845e-09, 1.81037e-09, 1.39655e-09, 9.99454e-10, 6.45098e-10, 5.54951e-10, 5.52567e-10, 3.25507e-10, 2.62493e-10, 2.02023e-10, 1.67601e-10, 9.23831e-11, 8.07188e-11, 4.66676e-11, 2.82583e-11, 2.64385e-11, 1.11892e-11, 1.09677e-11, 1.21687e-11, 6.11501e-12, 1.23103e-11, 1.02578e-11, 4.29852e-12, 3.19283e-12, 1.77397e-12, 1.74092e-12, 1.44061e-12, 8.6924e-13, 4.77563e-13, 0, 0, 0, 0, 0, 9.56464e-14, 0, 0, 0, 0, 0, 0, 0, 0, 0, 0, 0, 0, 0, 0, 0, 0, 0, 0, 0, 0, 0, 0, 0, 0
9.44485e-06, 9.161e-06, 9.14328e-06, 8.79614e-06, 8.28936e-06, 7.53575e-06, 6.86681e-06, 6.2108e-06, 5.3708e-06, 4.57445e-06, 4.03331e-06, 3.50356e-06, 2.93624e-06, 2.54647e-06, 2.0674e-06, 1.66154e-06, 1.38303e-06, 1.0962e-06, 8.75621e-07, 6.8605e-07, 5.4991e-07, 4.38158e-07, 3.48169e-07, 2.69367e-07, 2.07221e-07, 1.56996e-07, 1.23948e-07, 1.00034e-07, 7.69539e-08, 5.88987e-08, 4.51407e-08, 3.43939e-08, 2.64875e-08, 2.06944e-08, 1.48505e-08, 1.05801e-08, 8.40472e-09, 6.38751e-09, 5.18507e-09, 4.03977e-09, 2.56348e-09, 2.21284e-09, 1.49916e-09, 1.25526e-09, 8.74646e-10, 7.38135e-10, 4.97659e-10, 3.32547e-10, 2.8599e-10, 2.25567e-10, 1.50991e-10, 1.18942e-10, 1.45159e-10, 9.36907e-11, 5.3996e-11, 3.99694e-11, 3.54078e-11, 4.6628e-11, 1.54109e-11, 7.00435e-12, 8.69806e-12, 1.60042e-11, 5.27415e-12, 1.35238e-12, 3.14621e-12, 3.54357e-14, 5.11585e-12, 3.31043e-13, 6.7633e-13, 1.64841e-12, 2.39582e-12, 4.64798e-13, 1.83557e-12, 0, 0, 4.69812e-13, 0, 0, 0, 0, 0, 0, 0, 0, 0, 0, 0, 0, 0, 0, 0, 0, 0, 0, 0, 0, 0, 0, 0, 0
7.31461e-06, 6.76288e-06, 6.56685e-06, 6.23261e-06, 5.96225e-06, 5.3959e-06, 4.91825e-06, 4.345e-06, 3.89145e-06, 3.49489e-06, 3.10371e-06, 2.63985e-06, 2.27165e-06, 1.87623e-06, 1.5362e-06, 1.29074e-06, 1.0732e-06, 8.44862e-07, 7.02188e-07, 5.59186e-07, 4.40863e-07, 3.45654e-07, 2.85065e-07, 2.16658e-07, 1.66365e-07, 1.32646e-07, 9.88008e-08, 8.05403e-08, 6.26364e-08, 4.81199e-08, 3.63898e-08, 2.90326e-08, 2.18327e-08, 1.69492e-08, 1.2432e-08, 9.38534e-09, 7.07098e-09, 5.63306e-09, 4.74167e-09, 3.35348e-09, 2.60869e-09, 2.07916e-09, 1.55254e-09, 1.40023e-09, 9.63986e-10, 6.41315e-10, 4.759e-10, 3.14452e-10, 2.06962e-10, 2.06794e-10, 1.5019e-10, 1.24174e-10, 8.55024e-11, 7.86906e-11, 6.6733e-11, 3.83606e-11, 4.74544e-11, 2.96302e-11, 1.51193e-11, 1.24148e-11, 1.31477e-11, 9.97972e-12, 8.60323e-12, 3.75975e-12, 3.74623e-12, 1.22802e-12, 1.95803e-12, 1.73202e-13, 3.05252e-13, 5.5016e-13, 0, 0, 0, 6.36351e-13, 1.0282e-12, 0, 0, 0, 0, 0, 0, 0, 0, 0, 0, 0, 0, 0, 0, 0, 0, 0, 0, 0, 0, 0, 0, 0, 0, 0
4.31633e-06, 4.69617e-06, 4.87108e-06, 4.66975e-06, 4.15104e-06, 3.92035e-06, 3.59888e-06, 3.14795e-06, 2.9246e-06, 2.54795e-06, 2.26675e-06, 2.01654e-06, 1.69956e-06, 1.44304e-06, 1.18513e-06, 9.89149e-07, 8.0525e-07, 6.49202e-07, 5.46649e-07, 4.33222e-07, 3.4996e-07, 2.97644e-07, 2.23671e-07, 1.73797e-07, 1.43334e-07, 1.11943e-07, 8.57965e-08, 6.77258e-08, 5.21418e-08, 4.09822e-08, 3.18152e-08, 2.51817e-08, 2.02274e-08, 1.46975e-08, 1.04233e-08, 8.64479e-09, 6.19067e-09, 4.80666e-09, 3.68416e-09, 3.33377e-09, 2.06969e-09, 2.00366e-09, 1.69626e-09, 1.26098e-09, 9.98796e-10, 6.36207e-10, 4.54268e-10, 3.24658e-10, 2.07168e-10, 1.50139e-10, 1.2613e-10, 9.53151e-11, 8.10086e-11, 6.80188e-11, 4.97164e-11, 3.14636e-11, 2.39662e-11, 4.12662e-11, 2.97809e-11, 1.37302e-11, 5.69444e-12, 4.43749e-12, 2.11571e-12, 2.07691e-12, 1.69489e-12, 3.63355e-12, 2.14415e-12, 0, 7.28803e-13, 0, 0, 0, 3.2492e-13, 1.14197e-12, 5.02536e-13, 9.60704e-13, 0, 0, 0, 0, 0, 0, 0, 0, 0, 0, 0, 0, 0, 0, 0, 0, 0, 0, 0, 0, 0, 0, 0, 0
3.54883e-06, 3.44817e-06, 3.38454e-06, 3.45856e-06, 3.21407e-06, 2.9588e-06, 2.46291e-06, 2.35582e-06, 2.16659e-06, 1.89381e-06, 1.68859e-06, 1.46252e-06, 1.26472e-06, 1.08459e-06, 9.22794e-07, 7.7994e-07, 6.12313e-07, 5.07013e-07, 4.29154e-07, 3.61124e-07, 2.9032e-07, 2.42481e-07, 1.96565e-07, 1.45005e-07, 1.22706e-07, 9.52302e-08, 7.21418e-08, 5.53323e-08, 4.54779e-08, 3.55202e-08, 2.5153e-08, 2.07331e-08, 1.62863e-08, 1.18372e-08, 9.01057e-09, 7.3575e-09, 5.9388e-09, 4.20312e-09, 3.56598e-09, 2.99939e-09, 1.81186e-09, 1.43339e-09, 1.4874e-09, 9.53807e-10, 7.241e-10, 5.59794e-10, 3.99824e-10, 2.82482e-10, 2.04558e-10, 1.56748e-10, 1.21069e-10, 8.23495e-11, 6.38769e-11, 6.86851e-11, 6.28672e-11, 3.59646e-11, 3.20457e-11, 3.31583e-11, 1.71056e-11, 1.19292e-11, 7.47486e-12, 1.86687e-12, 1.12074e-13, 1.9311e-12, 6.857e-13, 1.97999e-12, 9.58522e-13, 2.2143e-12, 2.15363e-12, 1.27738e-12, 1.18846e-12, 9.55586e-13, 2.35342e-13, 0, 0, 0, 0, 0, 0, 0, 0, 0, 0, 0, 0, 0, 0, 0, 0, 0, 0, 0, 0, 0, 0, 0, 0, 0, 0, 0
3.07323e-06, 2.77447e-06, 2.60887e-06, 2.48253e-06, 2.39095e-06, 2.20145e-06, 1.91131e-06, 1.73227e-06, 1.67815e-06, 1.45283e-06, 1.23665e-06, 1.12136e-06, 9.60078e-07, 8.4954e-07, 6.98455e-07, 5.94968e-07, 4.76999e-07, 3.99848e-07, 3.38963e-07, 2.7954e-07, 2.32791e-07, 1.94479e-07, 1.60663e-07, 1.17999e-07, 9.78124e-08, 7.5822e-08, 5.88711e-08, 4.77056e-08, 3.47604e-08, 2.53283e-08, 2.06726e-08, 1.75168e-08, 1.37634e-08, 1.03612e-08, 8.2709e-09, 6.22571e-09, 4.7678e-09, 3.58356e-09, 2.98179e-09, 2.41673e-09, 1.71785e-09, 1.50695e-09, 1.02089e-09, 7.72856e-10, 6.39193e-10, 4.19588e-10, 4.14406e-10, 2.05137e-10, 1.48932e-10, 1.38539e-10, 1.08504e-10, 7.1239e-11, 8.40646e-11, 3.62779e-11, 4.07847e-11, 3.12567e-11, 3.59125e-11, 1.93235e-11, 1.3824e-11, 1.00233e-11, 8.79307e-12, 5.30986e-12, 7.07327e-13, 1.73273e-12, 4.35494e-13, 2.79864e-12, 1.30509e-12, 3.75046e-12, 1.46212e-12, 5.17512e-13, 0, 0, 0, 0, 0, 0, 0, 0, 0, 0, 0, 0, 0, 0, 0, 0, 0, 0, 0, 0, 0, 0, 0, 0, 0, 0, 0, 0, 0, 0
2.06583e-06, 2.14716e-06, 2.03209e-06, 1.8452e-06, 1.592e-06, 1.56669e-06, 1.4707e-06, 1.32067e-06, 1.20605e-06, 1.08776e-06, 9.39279e-07, 8.14102e-07, 7.2905e-07, 6.50656e-07, 5.0238e-07, 4.41475e-07, 3.92924e-07, 3.24122e-07, 2.5819e-07, 2.19469e-07, 1.92306e-07, 1.44956e-07, 1.22896e-07, 9.96663e-08, 8.04304e-08, 6.25625e-08, 4.96343e-08, 3.62065e-08, 2.90396e-08, 2.30378e-08, 1.82659e-08, 1.32005e-08, 1.08367e-08, 7.92666e-09, 6.85056e-09, 4.88279e-09, 3.66714e-09, 3.05983e-09, 2.38747e-09, 1.83954e-09, 1.54993e-09, 1.31828e-09, 9.76744e-10, 6.50291e-10, 4.73562e-10, 3.3732e-10, 2.99251e-10, 2.1911e-10, 1.52036e-10, 9.95329e-11, 9.51478e-11, 5.203e-11, 6.86157e-11, 5.21592e-11, 4.87117e-11, 2.83715e-11, 1.81766e-11, 1.84909e-11, 7.00049e-12, 8.30528e-12, 3.2015e-12, 2.92922e-12, 1.25906e-12, 1.31346e-12, 1.03188e-12, 2.20143e-12, 8.14284e-13, 2.44185e-13, 7.15207e-13, 3.62271e-13, 4.44517e-13, 7.53507e-13, 0, 0, 0, 0, 0, 0, 0, 0, 0, 0, 0, 0, 0, 0, 0, 0, 0, 0, 0, 0, 0, 0, 0, 0, 0, 0, 0, 0
1.55396e-06, 1.48926e-06, 1.42651e-06, 1.31114e-06, 1.22486e-06, 1.18946e-06, 1.16277e-06, 1.01696e-06, 9.15641e-07, 7.8057e-07, 6.9391e-07, 5.98188e-07, 5.29844e-07, 4.73004e-07, 4.18135e-07, 3.43571e-07, 2.99835e-07, 2.51409e-07, 2.11952e-07, 1.69417e-07, 1.41729e-07, 1.20821e-07, 1.00283e-07, 7.82852e-08, 5.95266e-08, 4.87811e-08, 3.91204e-08, 2.97159e-08, 2.3176e-08, 1.90264e-08, 1.54419e-08, 1.18908e-08, 9.29383e-09, 7.26957e-09, 6.23959e-09, 4.8615e-09, 3.57344e-09, 2.74811e-09, 2.15154e-09, 1.78214e-09, 1.32744e-09, 9.67269e-10, 8.8841e-10, 6.37408e-10, 4.11321e-10, 2.52255e-10, 2.42176e-10, 1.20334e-10, 1.42665e-10, 7.74117e-11, 8.66499e-11, 5.2055e-11, 4.93124e-11, 3.85552e-11, 4.01816e-11, 2.30402e-11, 2.42554e-11, 1.90643e-11, 2.07599e-11, 1.07535e-11, 7.37103e-12, 1.7006e-12, 1.33512e-12, 5.99324e-13, 9.70805e-13, 1.83302e-13, 2.57281e-13, 1.18018e-12, 6.85466e-13, 0, 0, 5.24271e-13, 0, 0, 0, 0, 0, 0, 0, 0, 0, 0, 0, 0, 0, 0, 0, 0, 0, 0, 0, 0, 0, 0, 0, 0, 0, 0, 0, 0
1.07842e-06, 1.14388e-06, 1.00508e-06, 9.75725e-07, 9.05776e-07, 8.99478e-07, 8.38505e-07, 7.31964e-07, 6.72867e-07, 6.12466e-07, 5.10786e-07, 4.52599e-07, 4.04355e-07, 3.48651e-07, 3.0834e-07, 2.60228e-07, 2.25367e-07, 2.0208e-07, 1.63765e-07, 1.39106e-07, 1.14468e-07, 9.26724e-08, 7.46288e-08, 5.87171e-08, 4.8017e-08, 4.08118e-08, 3.11952e-08, 2.63921e-08, 2.14854e-08, 1.54049e-08, 1.14998e-08, 9.36088e-09, 8.21945e-09, 6.46534e-09, 5.10589e-09, 3.77984e-09, 2.89983e-09, 2.16443e-09, 1.821e-09, 1.53387e-09, 1.39319e-09, 7.7211e-10, 7.1072e-10, 5.48842e-10, 3.36836e-10, 2.11653e-10, 2.75568e-10, 1.84106e-10, 1.00851e-10, 8.99407e-11, 6.82334e-11, 6.11207e-11, 3.99882e-11, 3.62057e-11, 2.64694e-11, 9.09356e-12, 1.19263e-11, 1.20387e-11, 2.01639e-11, 7.42303e-12, 7.58144e-12, 5.57268e-12, 1.55859e-12, 2.41661e-12, 1.89107e-12, 1.84225e-12, 9.49863e-13, 1.53845e-12, 0, 0, 0, 5.62089e-13, 1.08229e-13, 0, 0, 0, 0, 0, 0, 0, 0, 0, 0, 0, 0, 0, 0, 0, 0, 0, 0, 0, 0, 0, 0, 0, 0, 0, 0, 0
6.80003e-07, 6.55724e-07, 6.44989e-07, 6.72628e-07, 6.68982e-07, 6.49737e-07, 5.85977e-07, 5.22744e-07, 4.60309e-07, 4.41671e-07, 4.03841e-07, 3.46875e-07, 3.11364e-07, 2.60265e-07, 2.44245e-07, 2.01883e-07, 1.70475e-07, 1.40519e-07, 1.23722e-07, 1.09846e-07, 8.77951e-08, 7.57408e-08, 5.93135e-08, 5.02963e-08, 3.8607e-08, 3.29119e-08, 2.55729e-08, 2.21725e-08, 1.71368e-08, 1.19861e-08, 1.00574e-08, 8.02497e-09, 5.9845e-09, 4.99289e-09, 4.36529e-09, 3.04166e-09, 2.06524e-09, 1.92871e-09, 1.47869e-09, 1.23138e-09, 1.21637e-09, 6.37769e-10, 6.16459e-10, 4.58347e-10, 3.49608e-10, 2.76049e-10, 2.00135e-10, 1.39953e-10, 1.09088e-10, 7.59428e-11, 4.70749e-11, 4.57174e-11, 3.30862e-11, 3.24869e-11, 2.27377e-11, 1.41681e-11, 2.02572e-11, 7.98463e-12, 8.20324e-12, 5.26156e-12, 2.11965e-12, 7.26344e-12, 6.18777e-12, 2.01861e-12, 8.67336e-13, 1.7488e-12, 1.39787e-12, 5.42972e-13, 0, 0, 0, 1.24874e-12, 2.13286e-13, 2.79138e-13, 0, 0, 0, 0, 0, 0, 0, 0, 0, 0, 0, 0, 0, 0, 0, 0, 0, 0, 0, 0, 0, 0, 0, 0, 0, 0
5.87905e-07, 4.51878e-07, 4.35908e-07, 4.59911e-07, 4.74823e-07, 4.93843e-07, 4.07806e-07, 3.8404e-07, 3.49778e-07, 3.20492e-07, 2.74674e-07, 2.46114e-07, 2.42322e-07, 2.10793e-07, 1.81874e-07, 1.68586e-07, 1.29396e-07, 1.13113e-07, 9.64388e-08, 8.80921e-08, 7.39446e-08, 6.21024e-08, 4.89234e-08, 3.63574e-08, 3.27589e-08, 2.65673e-08, 1.78762e-08, 1.64432e-08, 1.28312e-08, 9.86206e-09, 8.15637e-09, 6.50826e-09, 4.46616e-09, 4.48448e-09, 3.73362e-09, 2.59086e-09, 1.94648e-09, 1.53262e-09, 1.23934e-09, 1.04049e-09, 7.5007e-10, 7.38535e-10, 5.61213e-10, 3.67343e-10, 2.73086e-10, 2.83493e-10, 1.36201e-10, 9.05431e-11, 8.91459e-11, 5.58119e-11, 4.0625e-11, 4.22329e-11, 3.01218e-11, 2.69138e-11, 1.52973e-11, 1.74715e-11, 1.54929e-11, 9.69037e-12, 6.52291e-12, 4.5154e-12, 3.71967e-12, 3.90356e-12, 8.422e-12, 4.91459e-12, 4.74305e-13, 8.98152e-13, 0, 1.04488e-12, 0, 4.04479e-14, 3.51579e-13, 6.40208e-13, 7.79013e-13, 2.93377e-13, 0, 0, 0, 0, 0, 0, 0, 0, 0, 0, 0, 0, 0, 0, 0, 0, 0, 0, 0, 0, 0, 0, 0, 0, 0, 0
3.44135e-07, 3.7326e-07, 3.5234e-07, 3.60278e-07, 3.36612e-07, 3.41596e-07, 3.08515e-07, 2.63251e-07, 2.46884e-07, 2.39743e-07, 2.12031e-07, 1.7668e-07, 1.76295e-07, 1.57173e-07, 1.46566e-07, 1.16273e-07, 9.93638e-08, 8.56967e-08, 7.83253e-08, 6.93982e-08, 5.64436e-08, 4.43062e-08, 3.43871e-08, 2.73272e-08, 2.40418e-08, 1.96083e-08, 1.67252e-08, 1.40583e-08, 1.16564e-08, 7.95709e-09, 6.97193e-09, 5.08878e-09, 3.49932e-09, 3.09999e-09, 2.82231e-09, 2.12891e-09, 1.80281e-09, 1.47133e-09, 9.64316e-10, 7.91847e-10, 7.11805e-10, 5.93806e-10, 3.90591e-10, 3.231e-10, 2.49451e-10, 1.92833e-10, 1.27975e-10, 9.06568e-11, 9.11733e-11, 5.20007e-11, 5.64598e-11, 3.9284e-11, 2.96313e-11, 1.02814e-11, 1.77237e-11, 9.06995e-12, 9.28322e-12, 6.44969e-12, 4.45327e-12, 2.41044e-12, 3.90371e-12, 3.39428e-12, 5.34286e-12, 1.88965e-12, 6.11291e-14, 1.4217e-12, 1.3658e-12, 2.22917e-12, 7.06232e-13, 1.06005e-12, 1.91745e-13, 3.02817e-13, 4.08198e-13, 0, 0, 0, 0, 0, 0, 0, 0, 0, 0, 0, 0, 0, 0, 0, 0, 0, 0, 0, 0, 0, 0, 0, 0, 0, 0, 0
2.92439e-07, 2.99339e-07, 2.40299e-07, 2.70067e-07, 2.46318e-07, 2.52389e-07, 2.26528e-07, 1.92356e-07, 1.79203e-07, 1.72819e-07, 1.58342e-07, 1.45596e-07, 1.43621e-07, 1.19767e-07, 1.03221e-07, 8.99964e-08, 7.25101e-08, 6.53407e-08, 5.69588e-08, 4.93056e-08, 4.35857e-08, 3.14532e-08, 2.82027e-08, 2.27471e-08, 1.91597e-08, 1.46157e-08, 1.30179e-08, 1.16679e-08, 9.18519e-09, 7.08533e-09, 6.53182e-09, 4.63485e-09, 3.0681e-09, 2.75767e-09, 2.34554e-09, 2.05423e-09, 1.49854e-09, 1.30987e-09, 1.01618e-09, 7.44729e-10, 5.41659e-10, 4.79062e-10, 3.4953e-10, 2.40225e-10, 1.55099e-10, 1.45045e-10, 1.35441e-10, 1.06187e-10, 7.671e-11, 5.90843e-11, 3.68388e-11, 3.29025e-11, 2.60792e-11, 1.82905e-11, 2.51974e-11, 1.38936e-11, 8.47056e-12, 1.0965e-11, 1.40559e-12, 2.27209e-13, 6.62097e-13, 2.49379e-12, 2.59187e-12, 2.78024e-12, 5.52417e-13, 1.6187e-13, 4.96035e-12, 1.09112e-12, 1.58195e-12, 1.79374e-12, 2.31855e-12, 1.72458e-12, 0, 0, 0, 0, 0, 0, 0, 0, 0, 0, 0, 0, 0, 0, 0, 0, 0, 0, 0, 0, 0, 0, 0, 0, 0, 0, 0, 0
2.12796e-07, 2.04793e-07, 1.84151e-07, 1.9308e-07, 1.81066e-07, 1.80298e-07, 1.68434e-07, 1.58156e-07, 1.38405e-07, 1.29635e-07, 1.05462e-07, 1.03302e-07, 1.01796e-07, 8.57041e-08, 7.69346e-08, 6.82647e-08, 5.57364e-08, 4.8741e-08, 4.47855e-08, 3.76597e-08, 3.00942e-08, 2.1965e-08, 2.06265e-08, 1.78691e-08, 1.50952e-08, 1.30085e-08, 1.09477e-08, 1.00267e-08, 8.19299e-09, 5.84213e-09, 4.72531e-09, 3.9832e-09, 3.15112e-09, 2.68321e-09, 1.85204e-09, 1.69468e-09, 1.5209e-09, 9.73506e-10, 9.30547e-10, 6.78266e-10, 5.33331e-10, 3.89877e-10, 2.6956e-10, 2.5476e-10, 1.66596e-10, 1.00862e-10, 7.49784e-11, 7.6607e-11, 6.63805e-11, 4.6456e-11, 3.94793e-11, 3.95928e-11, 2.73443e-11, 2.17288e-11, 2.09186e-11, 1.10685e-11, 5.97462e-12, 3.34712e-12, 2.10342e-12, 1.31459e-13, 6.68429e-13, 2.45004e-12, 2.32409e-12, 2.67845e-12, 2.92981e-12, 9.89903e-12, 3.16873e-12, 1.53869e-12, 9.28191e-13, 1.43062e-12, 1.62107e-12, 4.79793e-13, 0, 0, 0, 0, 0, 0, 0, 0, 0, 0, 0, 0, 0, 0, 0, 0, 0, 0, 0, 0, 0, 0, 0, 0, 0, 0, 0, 0
1.21752e-07, 1.41778e-07, 1.26259e-07, 1.39359e-07, 1.3725e-07, 1.39925e-07, 1.40261e-07, 1.30108e-07, 1.14412e-07, 9.99056e-08, 8.57983e-08, 8.29771e-08, 7.34247e-08, 6.15912e-08, 5.38754e-08, 5.02045e-08, 3.97418e-08, 3.61915e-08, 3.48652e-08, 2.86619e-08, 2.19941e-08, 1.96079e-08, 1.68867e-08, 1.42494e-08, 1.1516e-08, 9.69262e-09, 9.20615e-09, 6.86955e-09, 6.76232e-09, 5.01435e-09, 4.12341e-09, 2.84268e-09, 2.44485e-09, 2.08079e-09, 1.54062e-09, 1.47373e-09, 1.02032e-09, 8.11196e-10, 7.22955e-10, 5.77705e-10, 4.67639e-10, 2.76545e-10, 2.87215e-10, 1.98944e-10, 1.5043e-10, 1.02119e-10, 8.28335e-11, 5.77663e-11, 4.05656e-11, 4.60424e-11, 3.78956e-11, 3.62268e-11, 2.01784e-11, 1.28965e-11, 1.9742e-11, 5.97359e-12, 7.86434e-12, 2.19078e-12, 1.03151e-12, 7.28038e-13, 1.82808e-12, 2.14749e-12, 3.98796e-13, 1.15154e-12, 2.60937e-12, 6.62479e-13, 3.39116e-12, 5.13956e-13, 1.24225e-12, 6.02215e-14, 0, 3.47518e-13, 0, 0, 0, 0, 0, 0, 0, 0, 0, 0, 0, 0, 0, 0, 0, 0, 0, 0, 0, 0, 0, 0, 0, 0, 0, 0, 0, 0
9.98773e-08, 1.01596e-07, 1.00301e-07, 8.48244e-08, 1.03878e-07, 9.68883e-08, 1.05788e-07, 9.32742e-08, 7.96922e-08, 7.1545e-08, 7.07595e-08, 6.45929e-08, 5.59979e-08, 4.50395e-08, 4.15406e-08, 3.64135e-08, 3.18873e-08, 2.80896e-08, 2.66399e-08, 2.27707e-08, 1.95895e-08, 1.45022e-08, 1.2677e-08, 1.19554e-08, 9.71152e-09, 8.21375e-09, 6.94257e-09, 5.41162e-09, 5.22576e-09, 3.9828e-09, 2.68226e-09, 2.14514e-09, 1.87333e-09, 1.8651e-09, 1.26038e-09, 8.72983e-10, 9.13656e-10, 6.53965e-10, 5.57238e-10, 4.74286e-10, 3.55201e-10, 2.89434e-10, 2.32214e-10, 1.70883e-10, 1.58322e-10, 1.05705e-10, 1.10866e-10, 7.57551e-11, 5.56951e-11, 7.15685e-11, 2.20336e-11, 2.47804e-11, 8.16173e-12, 9.82924e-12, 1.04732e-11, 8.35039e-12, 7.88915e-12, 3.3656e-12, 2.55543e-12, 2.53674e-12, 1.36694e-12, 5.46132e-13, 2.59468e-13, 2.12351e-13, 3.45454e-12, 4.40691e-12, 9.94093e-13, 1.70025e-12, 0, 0, 0, 4.47512e-13, 3.19666e-13, 0, 0, 0, 0, 0, 1.98633e-13, 0, 0, 0, 0, 0, 0, 0, 0, 0, 0, 0, 0, 0, 0, 0, 0, 0, 0, 0, 0, 0
4.95405e-08, 7.86873e-08, 6.00656e-08, 5.7126e-08, 8.09226e-08, 7.55755e-08, 7.43391e-08, 6.68199e-08, 5.87395e-08, 4.95472e-08, 5.3667e-08, 4.73213e-08, 3.79099e-08, 3.60907e-08, 3.20275e-08, 3.07231e-08, 2.26623e-08, 2.18224e-08, 1.96225e-08, 1.93456e-08, 1.50332e-08, 1.32091e-08, 1.02794e-08, 7.21411e-09, 7.07144e-09, 6.33958e-09, 5.48817e-09, 4.23491e-09, 3.54247e-09, 3.11876e-09, 2.45352e-09, 1.54552e-09, 1.38698e-09, 1.31152e-09, 1.06646e-09, 7.39117e-10, 7.34949e-10, 5.17915e-10, 4.10537e-10, 3.68108e-10, 2.5822e-10, 1.7105e-10, 1.86631e-10, 1.19811e-10, 8.45401e-11, 7.27577e-11, 8.7795e-11, 8.36485e-11, 4.46184e-11, 4.07515e-11, 6.39335e-11, 2.17316e-11, 8.52357e-12, 6.15509e-12, 1.10448e-11, 2.45431e-12, 3.92939e-12, 4.6174e-12, 2.38613e-12, 3.03756e-12, 2.23263e-12, 1.04238e-12, 5.77088e-13, 0, 6.69861e-13, 0, 0, 0, 0, 0, 0, 0, 5.12021e-13, 0, 3.44219e-13, 1.62375e-13, 0, 0, 2.49092e-13, 1.83252e-13, 0, 0, 0, 0, 0, 0, 0, 0, 0, 0, 0, 0, 0, 0, 0, 0, 0, 0, 0, 0
5.51178e-08, 6.16481e-08, 4.40194e-08, 4.86264e-08, 4.89199e-08, 5.30312e-08, 5.53945e-08, 5.12187e-08, 4.76954e-08, 3.9308e-08, 3.77103e-08, 3.30704e-08, 2.59599e-08, 2.7071e-08, 2.19452e-08, 2.157e-08, 1.91726e-08, 1.62048e-08, 1.42668e-08, 1.24195e-08, 1.02907e-08, 9.16403e-09, 8.67435e-09, 6.88362e-09, 5.46958e-09, 4.64594e-09, 4.06863e-09, 3.24671e-09, 2.54275e-09, 2.43165e-09, 1.69462e-09, 1.34843e-09, 1.21409e-09, 9.0806e-10, 9.57763e-10, 6.78303e-10, 6.33695e-10, 4.59929e-10, 3.41806e-10, 3.14356e-10, 2.25371e-10, 2.21371e-10, 1.7427e-10, 1.39897e-10, 9.71243e-11, 6.78201e-11, 4.73362e-11, 6.37918e-11, 3.73375e-11, 3.75519e-11, 3.62838e-11, 4.24394e-11, 1.08604e-11, 8.22547e-12, 5.74489e-12, 2.24619e-12, 2.49007e-12, 2.32757e-12, 3.52796e-12, 5.14129e-12, 3.18887e-12, 2.78452e-12, 2.24583e-12, 3.05631e-12, 8.46861e-14, 0, 0, 0, 0, 0, 0, 0, 1.30527e-12, 1.87947e-13, 1.79971e-13, 1.05588e-13, 2.02297e-13, 5.64964e-13, 1.17024e-13, 0, 0, 0, 0, 0, 0, 0, 0, 0, 0, 0, 0, 0, 0, 0, 0, 0, 0, 0, 0, 0
2.97721e-08, 4.55482e-08, 3.89014e-08, 3.50575e-08, 3.8188e-08, 4.09695e-08, 3.95363e-08, 3.42958e-08, 3.71595e-08, 2.77428e-08, 2.54125e-08, 2.64989e-08, 2.32743e-08, 2.09949e-08, 1.82867e-08, 1.52666e-08, 1.33141e-08, 1.28454e-08, 1.21544e-08, 9.66061e-09, 7.89096e-09, 7.50247e-09, 6.15955e-09, 5.29842e-09, 5.51923e-09, 4.04419e-09, 3.01184e-09, 2.58882e-09, 2.12203e-09, 1.76408e-09, 1.16866e-09, 1.16222e-09, 1.14087e-09, 9.29237e-10, 6.627e-10, 6.35389e-10, 3.72221e-10, 2.92404e-10, 2.47232e-10, 1.83551e-10, 1.63735e-10, 1.55102e-10, 8.41223e-11, 6.62433e-11, 9.62882e-11, 7.69142e-11, 6.63808e-11, 7.21931e-11, 3.32388e-11, 2.67246e-11, 2.91981e-11, 1.64111e-11, 9.11427e-12, 7.4576e-12, 4.11949e-12, 4.35256e-12, 1.82558e-12, 1.29307e-12, 3.62523e-12, 1.72586e-12, 1.5137e-12, 6.04558e-13, 7.60313e-13, 7.98683e-13, 8.78756e-13, 0, 0, 0, 0, 0, 0, 0, 8.22256e-13, 4.07941e-13, 0, 0, 0, 2.82194e-13, 3.97909e-14, 0, 0, 0, 0, 0, 0, 0, 0, 0, 0, 0, 0, 0, 0, 0, 0, 0, 0, 0, 0, 0
2.58419e-08, 2.60578e-08, 2.78216e-08, 2.47284e-08, 3.20118e-08, 2.92618e-08, 2.42083e-08, 2.68948e-08, 3.18737e-08, 2.25101e-08, 1.97582e-08, 1.65843e-08, 1.8129e-08, 1.6058e-08, 1.3519e-08, 1.3253e-08, 1.14303e-08, 8.74148e-09, 7.91556e-09, 7.43313e-09, 6.82131e-09, 5.70565e-09, 5.09027e-09, 3.9486e-09, 3.55959e-09, 2.8485e-09, 2.33833e-09, 2.69444e-09, 1.69648e-09, 1.1984e-09, 1.17779e-09, 8.88901e-10, 1.31676e-09, 8.06942e-10, 5.06358e-10, 5.01546e-10, 3.86544e-10, 2.0226e-10, 2.09639e-10, 1.82361e-10, 1.70312e-10, 1.56934e-10, 6.25509e-11, 6.42184e-11, 5.22405e-11, 7.18235e-11, 3.63166e-11, 1.80942e-11, 2.20315e-11, 1.87058e-11, 2.58666e-11, 4.17151e-12, 4.68125e-12, 5.42347e-12, 2.74087e-12, 3.69323e-12, 4.37045e-12, 2.93646e-12, 8.5392e-13, 4.58186e-12, 1.44412e-12, 2.20949e-13, 1.66309e-13, 3.41585e-13, 0, 0, 0, 0, 0, 0, 0, 0, 0, 1.00396e-12, 0, 0, 0, 0, 0, 0, 0, 0, 0, 0, 0, 0, 0, 0, 0, 0, 0, 0, 0, 0, 0, 0, 0, 0, 0, 0
2.35688e-08, 2.56182e-08, 2.13121e-08, 1.82768e-08, 2.24094e-08, 2.2079e-08, 2.04046e-08, 2.06293e-08, 2.36001e-08, 2.08167e-08, 1.52379e-08, 1.39616e-08, 1.34409e-08, 1.32014e-08, 1.04973e-08, 1.01558e-08, 8.80324e-09, 7.53259e-09, 6.71238e-09, 5.61321e-09, 4.6321e-09, 4.03776e-09, 4.1493e-09, 3.04084e-09, 2.7967e-09, 2.20472e-09, 1.96456e-09, 1.92027e-09, 1.49794e-09, 1.25907e-09, 7.14185e-10, 6.11154e-10, 6.60687e-10, 7.18399e-10, 5.34533e-10, 3.46599e-10, 3.41163e-10, 2.81362e-10, 2.29457e-10, 1.11315e-10, 1.04854e-10, 8.2442e-11, 7.18735e-11, 6.27982e-11, 2.81842e-11, 3.67407e-11, 1.64873e-11, 2.45543e-11, 2.27164e-11, 1.27927e-11, 8.72256e-12, 5.13441e-12, 4.67516e-12, 1.30724e-12, 7.24058e-12, 4.23338e-12, 6.03958e-12, 3.33854e-12, 2.86449e-12, 1.31244e-12, 3.19112e-12, 2.80066e-13, 8.9124e-13, 4.50548e-13, 0, 0, 0, 0, 0, 0, 0, 0, 0, 0, 0, 0, 0, 0, 0, 0, 0, 0, 0, 0, 0, 0, 0, 0, 0, 0, 0, 0, 0, 0, 0, 0, 0, 0, 0, 0
3.01934e-08, 1.96533e-08, 1.60001e-08, 1.46549e-08, 1.70475e-08, 1.40584e-08, 1.35848e-08, 1.50641e-08, 1.54718e-08, 1.5242e-08, 1.06448e-08, 8.95818e-09, 9.94359e-09, 7.61884e-09, 7.70492e-09, 7.17447e-09, 5.80213e-09, 5.33322e-09, 5.13345e-09, 3.99887e-09, 3.83483e-09, 3.4041e-09, 2.62641e-09, 2.09614e-09, 2.2723e-09, 1.74462e-09, 1.387e-09, 1.2363e-09, 9.88394e-10, 8.86677e-10, 7.80877e-10, 7.07496e-10, 4.52655e-10, 4.05554e-10, 3.91114e-10, 3.22563e-10, 2.38593e-10, 2.06854e-10, 1.35881e-10, 1.52708e-10, 1.04053e-10, 6.7999e-11, 7.55624e-11, 4.40949e-11, 2.19827e-11, 1.58255e-11, 3.071e-11, 1.94879e-11, 1.80689e-11, 9.29669e-12, 5.56748e-12, 5.98563e-12, 6.58819e-12, 3.20954e-12, 1.86909e-12, 7.67481e-12, 6.49848e-12, 9.41785e-13, 7.07884e-14, 1.99009e-12, 3.45995e-13, 5.10152e-13, 2.37949e-13, 0, 0, 0, 0, 0, 0, 0, 0, 0, 0, 0, 0, 0, 0, 0, 0, 0, 0, 0, 0, 0, 0, 0, 0, 0, 0, 0, 0, 0, 0, 0, 0, 0, 0, 0, 0, 0
1.10365e-08, 1.08802e-08, 9.53081e-09, 1.31444e-08, 1.16297e-08, 1.15058e-08, 1.06516e-08, 1.27574e-08, 8.63479e-09, 1.02295e-08, 9.10576e-09, 7.02391e-09, 6.48281e-09, 6.84129e-09, 5.56932e-09, 4.31491e-09, 4.74123e-09, 3.84609e-09, 3.5783e-09, 3.36472e-09, 3.13241e-09, 2.70449e-09, 2.34221e-09, 1.90033e-09, 1.48068e-09, 1.55055e-09, 9.78897e-10, 8.53504e-10, 8.46926e-10, 6.17947e-10, 5.79717e-10, 4.85255e-10, 3.29775e-10, 3.62956e-10, 3.59054e-10, 2.43625e-10, 2.21264e-10, 1.47377e-10, 1.89314e-10, 1.17525e-10, 4.35958e-11, 4.63492e-11, 5.21187e-11, 3.24581e-11, 2.65988e-11, 1.96563e-11, 1.7644e-11, 2.73367e-11, 2.07981e-11, 8.09519e-12, 5.04652e-12, 8.72448e-12, 5.20072e-12, 6.5493e-12, 3.69059e-12, 4.95849e-12, 2.92116e-12, 7.37798e-13, 1.13168e-12, 1.11044e-12, 0, 0, 0, 0, 0, 0, 0, 0, 0, 0, 0, 0, 0, 0, 0, 0, 0, 0, 0, 0, 0, 0, 0, 0, 0, 0, 0, 0, 0, 0, 0, 0, 0, 0, 0, 0, 0, 0, 0, 0
8.85033e-09, 1.06783e-08, 9.50576e-09, 8.8119e-09, 6.98485e-09, 9.43255e-09, 9.12394e-09, 9.06996e-09, 7.16433e-09, 5.90283e-09, 7.02523e-09, 6.37563e-09, 4.46893e-09, 5.2455e-09, 4.27006e-09, 3.53647e-09, 3.56652e-09, 2.57191e-09, 2.48348e-09, 2.61711e-09, 1.95505e-09, 1.87575e-09, 1.75358e-09, 1.28214e-09, 1.05813e-09, 9.31031e-10, 1.07742e-09, 9.82929e-10, 6.43601e-10, 6.19897e-10, 4.73673e-10, 3.25625e-10, 3.57295e-10, 3.18517e-10, 2.03519e-10, 1.57501e-10, 1.02477e-10, 1.21512e-10, 9.67147e-11, 8.23414e-11, 3.90595e-11, 4.13329e-11, 3.26075e-11, 3.43115e-11, 2.26888e-11, 1.68989e-11, 1.40139e-11, 2.56251e-12, 7.75265e-12, 6.67975e-12, 4.58874e-12, 6.95823e-12, 9.13681e-12, 9.3613e-12, 2.35211e-12, 1.28266e-11, 4.91943e-12, 1.46666e-12, 2.86853e-12, 1.76584e-13, 0, 0, 0, 0, 0, 0, 0, 0, 0, 0, 0, 0, 0, 0, 0, 0, 0, 0, 0, 0, 0, 0, 0, 0, 0, 0, 0, 0, 0, 0, 0, 0, 0, 0, 0, 0, 0, 0, 0, 0
2.97336e-09, 7.66541e-09, 8.53678e-09, 8.58044e-09, 6.48744e-09, 6.74579e-09, 6.43388e-09, 7.41787e-09, 6.04085e-09, 5.16233e-09, 4.5788e-09, 5.18736e-09, 4.70144e-09, 3.66513e-09, 3.19868e-09, 2.62117e-09, 2.16823e-09, 2.09035e-09, 1.8222e-09, 1.81672e-09, 1.48505e-09, 1.40959e-09, 1.4066e-09, 1.12738e-09, 1.00314e-09, 7.70298e-10, 7.31461e-10, 6.9504e-10, 5.2144e-10, 4.00768e-10, 3.47586e-10, 2.19422e-10, 2.63761e-10, 2.20929e-10, 1.40409e-10, 1.2524e-10, 1.17717e-10, 1.66589e-10, 9.05679e-11, 4.85756e-11, 4.31859e-11, 3.33616e-11, 4.19216e-11, 3.32258e-11, 3.54517e-11, 1.81862e-11, 1.49949e-11, 1.01609e-11, 1.22389e-11, 4.79782e-12, 1.91956e-13, 6.63063e-12, 5.86643e-12, 1.25513e-11, 6.52936e-12, 7.58598e-12, 6.54523e-12, 2.00706e-12, 2.69321e-12, 1.49975e-12, 7.32323e-13, 0, 0, 0, 0, 0, 0, 0, 0, 0, 0, 0, 0, 0, 0, 0, 0, 0, 0, 0, 0, 0, 0, 0, 0, 0, 0, 0, 0, 0, 0, 0, 0, 0, 0, 0, 0, 0, 0, 0
2.52715e-09, 6.66455e-09, 5.41285e-09, 5.22739e-09, 4.42252e-09, 3.90626e-09, 4.76302e-09, 4.30719e-09, 3.85341e-09, 3.8245e-09, 4.04486e-09, 5.00189e-09, 4.55941e-09, 2.87151e-09, 2.10874e-09, 2.09325e-09, 1.71734e-09, 1.62054e-09, 1.53263e-09, 1.49556e-09, 1.49473e-09, 1.28345e-09, 1.08935e-09, 9.24506e-10, 7.592e-10, 7.17433e-10, 5.42472e-10, 5.59915e-10, 3.48422e-10, 2.89696e-10, 2.78207e-10, 2.49214e-10, 2.01416e-10, 2.15485e-10, 1.48851e-10, 7.42159e-11, 8.85482e-11, 9.50196e-11, 6.99792e-11, 3.85902e-11, 3.21121e-11, 4.01901e-11, 3.18225e-11, 2.09956e-11, 2.49709e-11, 1.27796e-11, 5.9876e-12, 7.0181e-12, 5.2095e-12, 7.10784e-12, 5.59874e-12, 3.61956e-12, 2.04195e-12, 3.59238e-13, 9.57156e-13, 1.0387e-12, 1.81254e-12, 0, 4.57989e-12, 2.91473e-13, 1.25492e-12, 5.67579e-13, 0, 0, 0, 0, 0, 0, 0, 0, 0, 0, 0, 0, 0, 0, 0, 0, 0, 0, 0, 0, 0, 0, 0, 0, 0, 0, 0, 0, 0, 0, 0, 0, 0, 0, 0, 0, 0, 0
3.25443e-09, 3.97928e-09, 2.15777e-09, 3.31671e-09, 3.15373e-09, 3.06042e-09, 3.87399e-09, 3.20683e-09, 3.02933e-09, 3.39865e-09, 3.05104e-09, 2.94007e-09, 2.44282e-09, 2.53249e-09, 2.25912e-09, 1.67117e-09, 1.39097e-09, 1.2743e-09, 8.66073e-10, 1.28029e-09, 9.9331e-10, 1.25268e-09, 9.89052e-10, 7.46132e-10, 7.34477e-10, 5.32129e-10, 4.71086e-10, 4.00976e-10, 3.39834e-10, 3.24452e-10, 1.96749e-10, 1.36898e-10, 1.10158e-10, 1.58706e-10, 1.976e-10, 1.06929e-10, 5.36776e-11, 5.01244e-11, 5.789e-11, 4.8557e-11, 7.45821e-11, 3.88303e-11, 2.14418e-11, 2.23379e-11, 9.14212e-12, 1.84853e-11, 9.32143e-12, 5.02662e-12, 3.64376e-12, 4.9599e-12, 7.64087e-13, 2.57466e-12, 2.01337e-12, 2.03523e-12, 0, 1.23723e-13, 2.83169e-12, 6.3801e-13, 8.25738e-14, 5.77898e-13, 2.20141e-12, 0, 0, 0, 0, 0, 0, 0, 0, 0, 0, 0, 0, 0, 0, 0, 0, 0, 0, 0, 0, 0, 0, 0, 0, 0, 0, 0, 0, 0, 0, 0, 0, 0, 0, 0, 0, 0, 0, 0
2.33563e-09, 1.51987e-09, 2.03132e-09, 2.19205e-09, 2.37831e-09, 1.78999e-09, 2.82335e-09, 2.04069e-09, 3.52342e-09, 2.14692e-09, 1.84261e-09, 1.91179e-09, 1.76036e-09, 2.02097e-09, 2.16906e-09, 1.7028e-09, 1.12904e-09, 1.0154e-09, 7.4654e-10, 7.87742e-10, 8.45193e-10, 7.86494e-10, 7.81736e-10, 5.71891e-10, 4.8943e-10, 3.30938e-10, 3.4578e-10, 3.35107e-10, 2.59521e-10, 2.44933e-10, 1.99844e-10, 1.21464e-10, 1.59584e-10, 1.19601e-10, 1.09903e-10, 1.17072e-10, 4.34721e-11, 2.57794e-11, 2.59678e-11, 6.52702e-11, 4.36768e-11, 2.10154e-11, 1.13301e-11, 1.76266e-11, 8.24805e-12, 1.88899e-11, 5.44463e-12, 7.04342e-12, 7.23241e-12, 4.77486e-12, 4.68599e-12, 1.89091e-12, 1.66298e-12, 6.73293e-13, 2.03945e-12, 5.05359e-12, 7.62341e-13, 5.76167e-13, 2.42848e-13, 3.56467e-13, 0, 0, 0, 0, 0, 0, 0, 0, 0, 0, 0, 0, 0, 0, 0, 0, 0, 0, 0, 0, 0, 0, 0, 0, 0, 0, 0, 0, 0, 0, 0, 0, 0, 0, 0, 0, 0, 0, 0, 0
7.03771e-10, 7.31698e-10, 1.17185e-09, 1.90087e-09, 1.34594e-09, 1.52568e-09, 1.79377e-09, 2.72029e-09, 1.91004e-09, 1.82143e-09, 1.55015e-09, 1.17579e-09, 1.05794e-09, 1.38666e-09, 1.57139e-09, 1.24401e-09, 7.63326e-10, 5.22853e-10, 4.44962e-10, 6.17946e-10, 9.10697e-10, 8.04966e-10, 6.01646e-10, 4.33715e-10, 2.9936e-10, 2.31134e-10, 2.37027e-10, 2.27862e-10, 2.21171e-10, 1.75867e-10, 1.34595e-10, 9.1633e-11, 1.47615e-10, 1.12684e-10, 6.13836e-11, 9.03495e-11, 5.29196e-11, 4.92025e-11, 3.75229e-11, 3.80009e-11, 1.89752e-11, 1.54862e-11, 9.5548e-12, 1.39984e-11, 1.78288e-11, 6.17256e-12, 7.61367e-12, 3.81618e-12, 3.3394e-12, 1.26132e-12, 7.52557e-13, 1.57594e-12, 2.89886e-12, 6.38444e-13, 1.47674e-12, 1.40309e-12, 0, 6.22778e-13, 0, 4.04998e-13, 0, 0, 0, 0, 0, 0, 0, 0, 0, 0, 0, 0, 0, 0, 0, 0, 0, 0, 0, 0, 0, 0, 0, 0, 0, 0, 0, 0, 0, 0, 0, 0, 0, 0, 0, 0, 0, 0, 0, 0
8.70809e-10, 1.17374e-09, 1.27285e-09, 1.09123e-09, 8.19801e-10, 1.02556e-09, 1.25079e-09, 1.70521e-09, 1.64562e-09, 1.49424e-09, 1.05995e-09, 9.60249e-10, 7.69457e-10, 6.24973e-10, 1.03916e-09, 8.68029e-10, 4.64497e-10, 4.88443e-10, 5.0822e-10, 3.99553e-10, 4.07955e-10, 4.08157e-10, 4.03571e-10, 3.34701e-10, 3.1581e-10, 1.92474e-10, 1.85596e-10, 1.50615e-10, 1.01389e-10, 9.23002e-11, 9.06334e-11, 8.58648e-11, 1.13625e-10, 7.81454e-11, 5.91924e-11, 4.63113e-11, 3.50747e-11, 2.69956e-11, 2.76844e-11, 1.4718e-11, 5.76919e-12, 1.36036e-11, 5.45436e-12, 1.68947e-11, 1.68942e-11, 3.68732e-12, 2.87433e-12, 1.50373e-12, 2.76547e-12, 3.80616e-13, 4.35533e-14, 4.50785e-13, 2.08837e-12, 1.52383e-13, 4.30036e-12, 0, 0, 0, 1.3526e-13, 2.5879e-13, 2.4765e-13, 0, 0, 0, 0, 0, 0, 0, 0, 0, 0, 0, 0, 0, 0, 0, 0, 0, 0, 0, 0, 0, 0, 0, 0, 0, 0, 0, 0, 0, 0, 0, 0, 0, 0, 0, 0, 0, 0, 0
8.17665e-10, 8.7398e-10, 9.04737e-10, 9.45736e-10, 6.50532e-10, 7.50455e-10, 8.88417e-10, 7.58269e-10, 9.76777e-10, 7.97989e-10, 8.28185e-10, 7.41128e-10, 6.97573e-10, 5.76313e-10, 7.08196e-10, 5.1121e-10, 4.13141e-10, 3.7303e-10, 2.70531e-10, 2.37319e-10, 2.13944e-10, 2.56613e-10, 2.49194e-10, 2.16184e-10, 2.32959e-10, 1.96537e-10, 1.60086e-10, 9.49985e-11, 8.62898e-11, 6.8443e-11, 8.59531e-11, 6.55683e-11, 4.71006e-11, 5.82576e-11, 2.87755e-11, 2.40098e-11, 8.19089e-11, 3.80934e-11, 1.5538e-11, 1.72245e-11, 1.31556e-11, 9.48396e-12, 8.33267e-12, 8.05862e-12, 3.44497e-12, 5.70168e-12, 6.42143e-12, 2.31645e-12, 7.4667e-13, 1.47843e-12, 1.16432e-13, 0, 1.75253e-13, 1.75434e-13, 1.31661e-12, 4.32724e-13, 0, 0, 0, 0, 4.10362e-13, 0, 0, 0, 0, 0, 0, 0, 0, 0, 0, 0, 0, 0, 0, 0, 0, 0, 0, 0, 0, 0, 0, 0, 0, 0, 0, 0, 0, 0, 0, 0, 0, 0, 0, 0, 0, 0, 0, 0
4.19994e-10, 5.63703e-10, 6.45225e-10, 5.24282e-10, 5.53207e-10, 7.77981e-10, 8.38756e-10, 6.74322e-10, 5.71466e-10, 8.53907e-10, 5.06007e-10, 4.74449e-10, 7.42194e-10, 5.14297e-10, 6.22603e-10, 4.39399e-10, 3.51114e-10, 2.62099e-10, 2.66991e-10, 2.06608e-10, 2.23663e-10, 1.82677e-10, 1.97287e-10, 2.44491e-10, 1.78893e-10, 1.98666e-10, 1.16959e-10, 8.2799e-11, 8.79868e-11, 8.53507e-11, 7.56432e-11, 4.94813e-11, 4.32332e-11, 3.77256e-11, 3.49384e-11, 2.0928e-11, 4.33068e-11, 2.65222e-11, 1.7629e-11, 1.26926e-11, 1.25563e-11, 1.31506e-11, 9.19646e-12, 7.95254e-12, 7.23461e-12, 2.33068e-12, 2.42761e-12, 2.57377e-12, 2.39803e-12, 6.76791e-13, 5.34658e-13, 1.33346e-12, 9.22604e-13, 0, 1.24031e-12, 1.75183e-12, 4.60285e-13, 7.31121e-13, 0, 0, 2.76101e-13, 5.27195e-14, 0, 0, 0, 0, 0, 0, 0, 0, 0, 0, 0, 0, 0, 0, 0, 0, 0, 0, 0, 0, 0, 0, 0, 0, 0, 0, 0, 0, 0, 0, 0, 0, 0, 0, 0, 0, 0, 0
3.13838e-10, 4.57995e-10, 5.10037e-10, 4.80045e-10, 7.72369e-10, 8.13244e-10, 5.6697e-10, 3.27504e-10, 3.57747e-10, 4.51847e-10, 3.76583e-10, 4.39916e-10, 3.8538e-10, 3.10304e-10, 3.86509e-10, 3.0604e-10, 2.29717e-10, 1.95111e-10, 1.57094e-10, 1.79249e-10, 1.7695e-10, 1.61361e-10, 1.79214e-10, 1.56956e-10, 2.31862e-10, 1.2119e-10, 8.49038e-11, 1.09804e-10, 7.59842e-11, 5.09706e-11, 4.30552e-11, 2.57851e-11, 3.08866e-11, 4.21155e-11, 4.16383e-11, 1.89115e-11, 2.11362e-11, 2.12593e-11, 3.0028e-11, 1.2047e-11, 1.07075e-11, 1.22503e-11, 2.05782e-12, 2.10849e-12, 6.49784e-12, 3.16315e-12, 2.37707e-13, 1.3404e-12, 2.03941e-13, 0, 2.27346e-13, 7.2844e-14, 0, 0, 5.53012e-14, 1.46219e-12, 1.77815e-13, 0, 6.95104e-13, 2.3153e-12, 9.2321e-14, 2.55871e-13, 0, 0, 0, 0, 0, 0, 0, 0, 0, 0, 0, 0, 0, 0, 0, 0, 0, 0, 0, 0, 0, 0, 0, 0, 0, 0, 0, 0, 0, 0, 0, 0, 0, 0, 0, 0, 0, 0
2.29379e-10, 2.78684e-10, 2.37762e-10, 2.71185e-10, 5.27128e-10, 4.16361e-10, 4.16997e-10, 2.86356e-10, 1.69296e-10, 2.52516e-10, 2.08571e-10, 3.54725e-10, 2.37333e-10, 2.75422e-10, 2.91076e-10, 1.93429e-10, 1.53269e-10, 1.26778e-10, 1.2343e-10, 2.05508e-10, 1.46846e-10, 1.23529e-10, 1.57356e-10, 1.66553e-10, 1.18174e-10, 6.62394e-11, 5.17582e-11, 6.10917e-11, 4.91599e-11, 4.45604e-11, 2.99084e-11, 2.79963e-11, 3.57815e-11, 1.87711e-11, 2.92593e-11, 1.34483e-11, 1.08601e-11, 1.207e-11, 2.30501e-11, 8.84044e-12, 1.16699e-11, 9.95352e-12, 6.1454e-12, 6.09038e-12, 5.15328e-12, 1.64652e-12, 1.40416e-12, 2.68972e-14, 5.34781e-14, 0, 0, 0, 0, 5.17872e-13, 3.52241e-13, 3.56679e-13, 1.01022e-12, 0, 4.68355e-13, 0, 0, 8.2255e-13, 0, 0, 0, 0, 0, 0, 0, 0, 0, 0, 0, 0, 0, 0, 0, 0, 0, 0, 0, 0, 0, 0, 0, 0, 0, 0, 0, 0, 0, 0, 0, 0, 0, 0, 0, 0, 0, 0
1.04093e-10, 2.1466e-10, 2.53308e-10, 9.77902e-11, 3.48561e-10, 1.89007e-10, 3.46046e-10, 1.95738e-10, 2.07267e-10, 2.69082e-10, 2.28957e-10, 2.19795e-10, 2.25489e-10, 2.39418e-10, 2.23767e-10, 1.63979e-10, 1.95511e-10, 1.32628e-10, 1.92048e-10, 1.31835e-10, 1.27577e-10, 1.20752e-10, 1.01567e-10, 1.27499e-10, 9.31497e-11, 6.7409e-11, 4.52078e-11, 4.74013e-11, 5.00562e-11, 2.91915e-11, 2.40465e-11, 2.45205e-11, 2.21291e-11, 2.61746e-11, 1.28174e-11, 2.02845e-11, 6.19468e-12, 1.15895e-11, 1.76724e-11, 8.51043e-12, 3.82937e-12, 5.24545e-12, 6.32889e-12, 2.89959e-12, 7.86592e-13, 7.84481e-14, 1.08154e-12, 2.66309e-14, 0, 0, 0, 0, 0, 0, 0, 0, 0, 2.91171e-12, 7.38429e-13, 0, 0, 2.0353e-13, 0, 0, 0, 0, 0, 0, 0, 0, 0, 0, 0, 0, 0, 0, 0, 0, 0, 0, 0, 0, 0, 0, 0, 0, 0, 0, 0, 0, 0, 0, 0, 0, 0, 0, 0, 0, 0, 0
7.54727e-12, 3.00219e-10, 2.91115e-10, 1.35946e-10, 3.11703e-10, 9.55543e-11, 1.09653e-10, 1.12818e-10, 1.30939e-10, 2.10468e-10, 1.40556e-10, 8.0419e-11, 1.39416e-10, 1.39501e-10, 1.62772e-10, 1.24254e-10, 1.72837e-10, 1.40981e-10, 1.28359e-10, 1.50586e-10, 1.22072e-10, 1.18735e-10, 7.82767e-11, 1.6781e-10, 8.36371e-11, 3.20422e-11, 3.71916e-11, 3.46949e-11, 2.70143e-11, 2.10623e-11, 1.54169e-11, 2.25158e-11, 1.31823e-11, 1.72159e-11, 1.802e-11, 2.60863e-11, 1.57071e-11, 1.15985e-11, 1.60248e-11, 1.26033e-11, 7.65364e-12, 5.37292e-12, 2.9172e-12, 2.59032e-12, 1.06066e-12, 2.86289e-12, 4.51489e-13, 8.04845e-13, 1.62998e-13, 0, 0, 0, 0, 0, 0, 0, 0, 0, 2.56104e-13, 0, 0, 7.86188e-14, 1.86799e-13, 2.08888e-13, 0, 0, 0, 0, 0, 0, 0, 0, 0, 0, 0, 0, 0, 0, 0, 0, 0, 0, 0, 0, 0, 0, 0, 0, 0, 0, 0, 0, 0, 0, 0, 0, 0, 0, 0, 0
2.15871e-10, 1.82274e-10, 1.32349e-10, 6.28024e-10, 1.62219e-10, 5.27841e-11, 1.26097e-10, 1.38444e-10, 6.07609e-11, 1.14307e-10, 1.02543e-10, 8.91097e-11, 7.51109e-11, 6.73411e-11, 1.23371e-10, 1.34154e-10, 1.01703e-10, 7.56903e-11, 8.63314e-11, 7.20824e-11, 6.42652e-11, 6.43099e-11, 6.29286e-11, 7.6241e-11, 5.40729e-11, 3.16557e-11, 2.83729e-11, 2.56929e-11, 2.61484e-11, 2.91751e-11, 9.73133e-12, 6.14837e-12, 7.83986e-12, 1.56004e-11, 7.8633e-12, 8.367e-12, 4.81859e-12, 9.18435e-12, 6.7165e-12, 9.41968e-12, 2.37686e-12, 4.46399e-12, 5.38073e-12, 4.11126e-12, 3.72544e-12, 7.52652e-13, 0, 4.42119e-13, 1.90181e-13, 4.49049e-13, 0, 0, 0, 0, 0, 0, 0, 0, 0, 0, 0, 0, 0, 5.59326e-14, 4.289e-13, 1.17441e-13, 0, 0, 0, 0, 0, 0, 0, 0, 0, 0, 0, 0, 0, 0, 0, 0, 0, 0, 0, 0, 0, 0, 0, 0, 0, 0, 0, 0, 0, 0, 0, 0, 0, 0
3.00539e-10, 1.50016e-10, 2.02047e-10, 6.04962e-11, 3.20289e-10, 1.68685e-10, 1.86784e-10, 1.68887e-10, 8.59027e-11, 8.20179e-11, 7.20014e-11, 6.65082e-11, 5.45036e-11, 4.25238e-11, 5.01933e-11, 1.54045e-10, 1.08716e-10, 6.9955e-11, 7.11074e-11, 1.06922e-10, 6.32473e-11, 8.81248e-11, 3.17598e-11, 6.43992e-11, 4.85269e-11, 5.75105e-11, 4.0445e-11, 2.15752e-11, 2.10433e-11, 2.12863e-11, 1.22186e-11, 6.59731e-12, 4.58049e-12, 6.09284e-12, 1.41406e-11, 3.71942e-12, 4.67948e-12, 5.42411e-12, 3.77566e-12, 7.32833e-13, 8.07981e-13, 3.52105e-13, 1.08168e-12, 2.57154e-12, 2.98892e-12, 1.08174e-12, 0, 0, 0, 6.46805e-13, 0, 0, 0, 0, 0, 0, 0, 0, 0, 0, 0, 1.43429e-13, 1.49816e-13, 2.38368e-13, 0, 0, 0, 0, 0, 0, 0, 0, 0, 0, 0, 0, 0, 0, 0, 0, 0, 0, 0, 0, 0, 0, 0, 0, 0, 0, 0, 0, 0, 0, 0, 0, 0, 0, 0, 0
2.56637e-11, 1.22158e-10, 1.86792e-11, 5.09178e-11, 1.1125e-10, 9.94638e-11, 1.11513e-10, 1.90751e-10, 1.87973e-11, 3.33068e-11, 1.17047e-10, 4.32182e-11, 6.38372e-11, 2.75533e-11, 5.61981e-11, 5.88164e-11, 7.73231e-11, 5.14092e-11, 7.20068e-11, 6.20141e-11, 6.8731e-11, 3.83425e-11, 1.84728e-11, 2.03013e-11, 5.58886e-11, 2.67352e-11, 1.44771e-11, 1.97883e-11, 1.49413e-11, 1.49571e-11, 6.94377e-12, 5.61297e-12, 3.38437e-12, 3.91052e-12, 9.37432e-12, 2.7913e-12, 1.16096e-11, 6.90986e-12, 3.64622e-12, 4.04233e-12, 1.94877e-12, 0, 7.02391e-13, 4.62796e-12, 2.541e-12, 8.22584e-13, 0, 0, 2.13056e-13, 2.68803e-13, 0, 0, 0, 0, 0, 0, 0, 0, 0, 0, 1.2939e-13, 1.35116e-13, 0, 0, 0, 0, 0, 0, 0, 0, 0, 0, 0, 0, 0, 0, 0, 0, 0, 0, 0, 0, 0, 0, 0, 0, 0, 0, 0, 0, 0, 0, 0, 0, 0, 0, 0, 0, 0, 0
2.09166e-10, 6.40851e-11, 0, 1.09996e-10, 3.1747e-11, 3.76158e-11, 2.95218e-10, 2.33501e-10, 7.18307e-11, 4.53627e-11, 5.44289e-11, 4.60504e-11, 4.80319e-11, 3.86609e-11, 4.99194e-11, 5.59567e-11, 8.43694e-11, 5.63277e-11, 3.25736e-11, 2.54538e-11, 5.17465e-11, 1.75483e-11, 2.37064e-11, 1.78025e-11, 2.39742e-11, 1.1254e-11, 1.64878e-11, 7.28598e-12, 4.01313e-12, 1.65301e-11, 5.40866e-12, 7.99775e-12, 1.37375e-12, 5.41732e-13, 4.91957e-12, 2.42469e-12, 4.35948e-12, 7.80013e-12, 4.76633e-12, 8.17647e-13, 3.4406e-12, 1.22759e-13, 2.56621e-12, 2.98182e-12, 2.80269e-12, 4.88619e-13, 5.47286e-14, 0, 0, 0, 0, 0, 0, 0, 0, 0, 0, 0, 0, 0, 0, 0, 0, 0, 0, 0, 0, 0, 0, 0, 0, 0, 0, 0, 0, 0, 0, 0, 0, 0, 0, 0, 0, 0, 0, 0, 0, 0, 0, 0, 0, 0, 0, 0, 0, 0, 0, 0, 0, 0
6.56617e-11, 3.39975e-11, 2.72643e-11, 5.09655e-11, 2.86096e-11, 1.30172e-11, 4.32971e-11, 7.13885e-11, 2.39772e-11, 5.2776e-11, 2.21317e-11, 3.53065e-11, 2.53444e-11, 3.17604e-11, 3.17254e-11, 4.94616e-11, 6.66599e-11, 7.46309e-11, 4.79175e-11, 2.53269e-11, 6.33208e-11, 2.10306e-11, 5.4611e-12, 1.56131e-11, 5.05912e-11, 1.46497e-11, 4.67368e-12, 8.73095e-12, 4.63937e-12, 3.27531e-12, 1.23254e-11, 2.0284e-12, 5.92026e-12, 4.44941e-12, 2.6599e-12, 3.46861e-12, 4.82966e-12, 5.73021e-12, 6.8171e-12, 1.8293e-12, 4.45453e-13, 2.38517e-12, 3.47638e-12, 1.85148e-12, 1.28244e-13, 2.43486e-13, 3.40058e-13, 0, 0, 0, 0, 0, 0, 0, 0, 0, 0, 0, 0, 0, 0, 0, 0, 0, 0, 0, 0, 0, 0, 0, 0, 0, 0, 0, 0, 0, 0, 0, 0, 0, 0, 0, 0, 0, 0, 0, 0, 0, 0, 0, 0, 0, 0, 0, 0, 0, 0, 0, 0, 0
0, 3.74054e-11, 8.0987e-11, 4.55329e-11, 3.29346e-11, 3.23536e-11, 5.68228e-11, 4.06858e-11, 2.79812e-11, 9.06821e-12, 2.257e-11, 1.18768e-11, 1.62272e-11, 1.46103e-11, 4.71503e-11, 3.03606e-11, 5.01377e-11, 3.27449e-11, 1.43644e-11, 2.0795e-11, 8.54748e-12, 2.0833e-11, 4.27084e-11, 5.05919e-11, 9.03319e-12, 2.11874e-11, 5.01245e-12, 5.28737e-12, 1.15524e-11, 2.88272e-12, 5.40523e-12, 2.84215e-12, 3.64427e-12, 4.57413e-12, 5.46599e-12, 7.60322e-12, 9.05985e-12, 7.85374e-12, 8.79077e-12, 1.83212e-12, 2.0518e-12, 4.34155e-12, 2.39787e-12, 2.70349e-13, 0, 0, 0, 0, 0, 0, 0, 0, 0, 0, 0, 0, 0, 0, 0, 0, 0, 0, 0, 0, 0, 0, 0, 0, 0, 0, 0, 0, 0, 0, 0, 0, 0, 0, 0, 0, 0, 0, 0, 0, 0, 0, 0, 0, 0, 0, 0, 0, 0, 0, 0, 0, 0, 0, 0, 0
0, 0, 0, 5.79392e-12, 2.42767e-12, 1.33953e-11, 1.71895e-11, 4.22107e-12, 2.84659e-11, 2.59977e-11, 9.98372e-12, 3.53999e-12, 3.43029e-12, 1.94627e-11, 4.3361e-12, 1.3358e-11, 1.71982e-11, 5.5734e-12, 1.8135e-11, 1.11293e-11, 2.47834e-11, 1.27441e-11, 1.26681e-11, 2.52705e-11, 8.73914e-12, 2.30214e-11, 8.57947e-13, 9.45908e-12, 3.0385e-12, 1.53383e-12, 4.96725e-12, 3.39105e-13, 4.22683e-12, 3.12431e-12, 1.21354e-12, 5.59624e-13, 1.02039e-11, 5.06532e-12, 4.90257e-12, 1.79077e-12, 6.66755e-13, 3.49211e-12, 1.45583e-12, 2.81326e-13, 0, 0, 0, 0, 0, 0, 0, 0, 0, 0, 0, 0, 0, 0, 0, 0, 0, 0, 0, 0, 0, 0, 0, 0, 0, 0, 0, 0, 0, 0, 0, 0, 0, 0, 0, 0, 0, 0, 0, 0, 0, 0, 0, 0, 0, 0, 0, 0, 0, 0, 0, 0, 0, 0, 0, 0
0, 0, 0, 0, 0, 6.57277e-12, 1.67985e-11, 0, 2.50906e-11, 1.88848e-11, 4.86331e-12, 4.47451e-13, 0, 8.28308e-12, 4.80869e-12, 6.64237e-12, 5.20363e-12, 7.0508e-12, 2.57645e-12, 1.28384e-11, 1.21003e-11, 6.20087e-12, 1.52719e-12, 3.80886e-12, 9.26862e-12, 1.0493e-11, 2.97761e-11, 2.37959e-12, 5.08111e-13, 1.40083e-12, 4.45558e-12, 5.19909e-12, 2.12477e-12, 0, 0, 0, 5.57143e-12, 2.57765e-12, 2.17625e-13, 4.81777e-12, 2.27763e-12, 0, 0, 0, 0, 0, 0, 0, 0, 0, 0, 0, 0, 0, 0, 0, 0, 0, 0, 0, 0, 0, 0, 0, 0, 0, 0, 0, 0, 0, 0, 0, 0, 0, 0, 0, 0, 0, 0, 0, 0, 0, 0, 0, 0, 0, 0, 0, 0, 0, 0, 0, 0, 0, 0, 0, 0, 0, 0, 0
0, 0, 0, 0, 0, 8.75068e-12, 7.29894e-12, 5.28015e-11, 5.0529e-12, 1.25533e-11, 0, 0, 0, 3.95205e-12, 2.1524e-12, 4.34832e-12, 3.56685e-12, 4.87325e-12, 6.3783e-12, 5.93354e-12, 7.51727e-12, 8.57327e-12, 1.11671e-11, 7.15726e-12, 7.483e-12, 5.30253e-12, 1.40796e-11, 6.80597e-12, 3.67416e-13, 1.52434e-12, 0, 0, 0, 0, 0, 0, 2.23701e-13, 4.46489e-13, 1.72117e-12, 3.56113e-12, 0, 0, 0, 0, 0, 0, 0, 0, 0, 0, 0, 0, 0, 0, 0, 0, 0, 0, 0, 0, 0, 0, 0, 0, 0, 0, 0, 0, 0, 0, 0, 0, 0, 0, 0, 0, 0, 0, 0, 0, 0, 0, 0, 0, 0, 0, 0, 0, 0, 0, 0, 0, 0, 0, 0, 0, 0, 0, 0, 0
0, 0, 0, 0, 0, 1.39637e-12, 0, 3.11368e-11, 9.66435e-12, 6.57747e-12, 1.06028e-11, 4.13255e-12, 2.96464e-12, 1.00485e-12, 4.57337e-12, 8.05104e-12, 3.42968e-12, 2.41927e-12, 3.78421e-12, 5.33316e-13, 3.68317e-12, 7.78433e-12, 4.56345e-12, 2.48584e-12, 1.32095e-12, 6.38838e-13, 1.73189e-12, 2.04337e-12, 0, 0, 0, 0, 0, 0, 5.78808e-13, 2.0293e-13, 9.40905e-13, 6.15532e-13, 2.64476e-12, 5.85056e-12, 2.6863e-13, 0, 0, 0, 0, 0, 0, 0, 0, 0, 0, 0, 0, 0, 0, 0, 0, 0, 0, 0, 0, 0, 0, 0, 0, 0, 0, 0, 0, 0, 0, 0, 0, 0, 0, 0, 0, 0, 0, 0, 0, 0, 0, 0, 0, 0, 0, 0, 0, 0, 0, 0, 0, 0, 0, 0, 0, 0, 0, 0
0, 0, 0, 0, 0, 0, 1.01107e-11, 6.14118e-11, 0, 3.67544e-12, 1.1299e-11, 1.32359e-12, 1.36935e-11, 4.70323e-12, 5.11903e-12, 3.34964e-12, 6.77883e-12, 1.49644e-12, 2.00824e-12, 2.87415e-13, 1.55165e-12, 6.43589e-13, 1.91576e-12, 3.1661e-12, 1.07653e-13, 0, 0, 0, 0, 0, 0, 0, 0, 0, 3.07064e-13, 5.77583e-13, 4.56841e-13, 3.18881e-13, 0, 2.92506e-12, 2.19742e-12, 2.9126e-12, 6.74984e-13, 2.07021e-13, 0, 0, 0, 0, 0, 0, 0, 0, 0, 0, 0, 0, 0, 0, 0, 0, 0, 0, 0, 0, 0, 0, 0, 0, 0, 0, 0, 0, 0, 0, 0, 0, 0, 0, 0, 0, 0, 0, 0, 0, 0, 0, 0, 0, 0, 0, 0, 0, 0, 0, 0, 0, 0, 0, 0, 0
0, 0, 0, 0, 0, 0, 2.91524e-11, 0, 0, 7.99322e-12, 8.16855e-12, 7.14168e-12, 4.8407e-12, 4.79856e-12, 4.96247e-12, 0, 3.67829e-12, 4.81975e-12, 6.08552e-12, 9.12252e-13, 1.05645e-12, 7.34413e-13, 0, 1.76235e-12, 0, 0, 0, 0, 0, 0, 0, 0, 0, 8.30084e-14, 1.66098e-13, 6.09824e-14, 3.05574e-13, 2.43925e-13, 0, 0, 1.49602e-12, 5.95682e-12, 9.37049e-13, 2.00933e-13, 1.90641e-13, 4.14005e-13, 1.65161e-13, 0, 0, 0, 0, 0, 0, 0, 0, 0, 0, 0, 0, 0, 0, 0, 0, 0, 0, 0, 0, 0, 0, 0, 0, 0, 0, 0, 0, 0, 0, 0, 0, 0, 0, 0, 0, 0, 0, 0, 0, 0, 0, 0, 0, 0, 0, 0, 0, 0, 0, 0, 0, 0
0, 0, 0, 0, 0, 0, 2.74628e-11, 0, 0, 8.22716e-12, 6.1004e-12, 1.97896e-12, 2.26219e-13, 2.80014e-12, 2.79096e-12, 7.37723e-13, 8.82944e-13, 2.37651e-12, 5.8226e-13, 0, 0, 0, 0, 0, 0, 0, 0, 0, 0, 0, 0, 0, 0, 2.00436e-13, 1.48877e-13, 0, 0, 7.28923e-13, 3.45922e-13, 0, 1.86207e-12, 3.95664e-12, 0, 0, 0, 0, 0, 0, 0, 0, 0, 0, 0, 0, 0, 0, 0, 0, 0, 0, 0, 0, 0, 0, 0, 0, 0, 0, 0, 0, 0, 0, 0, 0, 0, 0, 0, 0, 0, 0, 0, 0, 0, 0, 0, 0, 0, 0, 0, 0, 0, 0, 0, 0, 0, 0, 0, 0, 0, 0
0, 0, 0, 0, 0, 0, 8.79592e-12, 0, 0, 0, 0, 1.38649e-12, 0, 1.14163e-12, 0, 1.38313e-12, 2.47617e-12, 9.49627e-13, 0, 0, 0, 0, 0, 0, 0, 0, 0, 0, 0, 0, 0, 0, 0, 0, 0, 0, 0, 0, 3.16831e-13, 5.72575e-13, 0, 0, 0, 0, 0, 0, 0, 0, 0, 0, 0, 0, 0, 0, 0, 0, 0, 0, 0, 0, 0, 0, 0, 0, 0, 0, 0, 0, 0, 0, 0, 0, 0, 0, 0, 0, 0, 0, 0, 0, 0, 0, 0, 0, 0, 0, 0, 0, 0, 0, 0, 0, 0, 0, 0, 0, 0, 0, 0, 0
0, 0, 0, 0, 0, 5.01963e-12, 2.51957e-11, 0, 0, 0, 0, 0, 3.78125e-12, 3.90613e-12, 0, 0, 0, 0, 0, 0, 0, 0, 0, 0, 0, 0, 0, 0, 0, 0, 0, 0, 0, 0, 0, 0, 0, 0, 2.61806e-13, 6.97025e-14, 1.31971e-13, 9.32844e-14, 2.97639e-14, 0, 0, 0, 0, 0, 0, 0, 0, 0, 0, 0, 0, 0, 0, 0, 0, 0, 0, 0, 0, 0, 0, 0, 0, 0, 0, 0, 0, 0, 0, 0, 0, 0, 0, 0, 0, 0, 0, 0, 0, 0, 0, 0, 0, 0, 0, 0, 0, 0, 0, 0, 0, 0, 0, 0, 0, 0
0, 0, 0, 0, 0, 0, 3.12315e-11, 0, 0, 0, 0, 0, 0, 0, 0, 0, 0, 0, 0, 0, 0, 0, 0, 0, 0, 0, 0, 0, 0, 0, 0, 0, 0, 0, 0, 0, 0, 0, 0, 0, 0, 0, 0, 0, 0, 0, 0, 0, 0, 0, 0, 0, 0, 0, 0, 0, 0, 0, 0, 0, 0, 0, 0, 0, 0, 0, 0, 0, 0, 0, 0, 0, 0, 0, 0, 0, 0, 0, 0, 0, 0, 0, 0, 0, 0, 0, 0, 0, 0, 0, 0, 0, 0, 0, 0, 0, 0, 0, 0, 0
0, 0, 0, 0, 0, 0, 2.14253e-11, 1.23719e-11, 0, 0, 0, 0, 0, 0, 0, 0, 0, 0, 0, 0, 0, 0, 0, 0, 0, 0, 0, 0, 0, 0, 0, 0, 0, 0, 0, 0, 0, 0, 0, 0, 0, 0, 0, 0, 0, 0, 0, 0, 0, 0, 0, 0, 0, 0, 0, 0, 0, 0, 0, 0, 0, 0, 0, 0, 0, 0, 0, 0, 0, 0, 0, 0, 0, 0, 0, 0, 0, 0, 0, 0, 0, 0, 0, 0, 0, 0, 0, 0, 0, 0, 0, 0, 0, 0, 0, 0, 0, 0, 0, 0
0, 0, 0, 0, 0, 0, 1.65615e-11, 0, 0, 0, 0, 0, 0, 0, 0, 0, 0, 0, 0, 0, 0, 0, 0, 0, 0, 0, 0, 0, 0, 0, 0, 0, 0, 0, 0, 0, 0, 0, 0, 0, 0, 0, 0, 0, 0, 0, 0, 0, 0, 0, 0, 0, 0, 0, 0, 0, 0, 0, 0, 0, 0, 0, 0, 0, 0, 0, 0, 0, 0, 0, 0, 0, 0, 0, 0, 0, 0, 0, 0, 0, 0, 0, 0, 0, 0, 0, 0, 0, 0, 0, 0, 0, 0, 0, 0, 0, 0, 0, 0, 0
0, 0, 0, 0, 0, 0, 6.39731e-12, 0, 0, 0, 0, 0, 0, 0, 0, 0, 0, 0, 0, 0, 0, 0, 0, 0, 0, 0, 0, 0, 0, 0, 0, 0, 0, 0, 0, 0, 0, 0, 0, 0, 0, 0, 0, 0, 0, 0, 0, 0, 0, 0, 0, 0, 0, 0, 0, 0, 0, 0, 0, 0, 0, 0, 0, 0, 0, 0, 0, 0, 0, 0, 0, 0, 0, 0, 0, 0, 0, 0, 0, 0, 0, 0, 0, 0, 0, 0, 0, 0, 0, 0, 0, 0, 0, 0, 0, 0, 0, 0, 0, 0
0, 0, 0, 0, 0, 0, 6.27126e-12, 0, 0, 0, 0, 0, 0, 0, 0, 0, 0, 0, 0, 0, 0, 0, 0, 0, 0, 0, 0, 0, 0, 0, 0, 0, 0, 0, 0, 0, 0, 0, 0, 0, 0, 0, 0, 0, 0, 0, 0, 0, 0, 0, 0, 0, 0, 0, 0, 0, 0, 0, 0, 0, 0, 0, 0, 0, 0, 0, 0, 0, 0, 0, 0, 0, 0, 0, 0, 0, 0, 0, 0, 0, 0, 0, 0, 0, 0, 0, 0, 0, 0, 0, 0, 0, 0, 0, 0, 0, 0, 0, 0, 0
0, 0, 0, 0, 0, 3.15855e-11, 0, 0, 0, 0, 0, 0, 0, 0, 0, 0, 0, 0, 0, 0, 0, 0, 0, 0, 0, 0, 0, 0, 0, 0, 0, 0, 0, 0, 0, 0, 0, 0, 0, 0, 0, 0, 0, 0, 0, 0, 0, 0, 0, 0, 0, 0, 0, 0, 0, 0, 0, 0, 0, 0, 0, 0, 0, 0, 0, 0, 0, 0, 0, 0, 0, 0, 0, 0, 0, 0, 0, 0, 0, 0, 0, 0, 0, 0, 0, 0, 0, 0, 0, 0, 0, 0, 0, 0, 0, 0, 0, 0, 0, 0
0, 0, 0, 0, 0, 3.1932e-11, 0, 0, 0, 0, 0, 0, 0, 0, 0, 0, 0, 0, 0, 0, 0, 0, 0, 0, 0, 0, 0, 0, 0, 0, 0, 0, 0, 0, 0, 0, 0, 0, 0, 0, 0, 0, 0, 0, 0, 0, 0, 0, 0, 0, 0, 0, 0, 0, 0, 0, 0, 0, 0, 0, 0, 0, 0, 0, 0, 0, 0, 0, 0, 0, 0, 0, 0, 0, 0, 0, 0, 0, 0, 0, 0, 0, 0, 0, 0, 0, 0, 0, 0, 0, 0, 0, 0, 0, 0, 0, 0, 0, 0, 0
0, 0, 3.43092e-11, 1.3071e-11, 2.50987e-11, 0, 0, 0, 0, 0, 0, 0, 0, 0, 0, 0, 0, 0, 0, 0, 0, 0, 0, 0, 0, 0, 0, 0, 0, 0, 0, 0, 0, 0, 0, 0, 0, 0, 0, 0, 0, 0, 0, 0, 0, 0, 0, 0, 0, 0, 0, 0, 0, 0, 0, 0, 0, 0, 0, 0, 0, 0, 0, 0, 0, 0, 0, 0, 0, 0, 0, 0, 0, 0, 0, 0, 0, 0, 0, 0, 0, 0, 0, 0, 0, 0, 0, 0, 0, 0, 0, 0, 0, 0, 0, 0, 0, 0, 0, 0
0, 0, 4.31791e-11, 8.64089e-12, 0, 0, 0, 0, 0, 0, 0, 0, 0, 0, 0, 0, 0, 0, 0, 0, 0, 0, 0, 0, 0, 0, 0, 0, 0, 0, 0, 0, 0, 0, 0, 0, 0, 0, 0, 0, 0, 0, 0, 0, 0, 0, 0, 0, 0, 0, 0, 0, 0, 0, 0, 0, 0, 0, 0, 0, 0, 0, 0, 0, 0, 0, 0, 0, 0, 0, 0, 0, 0, 0, 0, 0, 0, 0, 0, 0, 0, 0, 0, 0, 0, 0, 0, 0, 0, 0, 0, 0, 0, 0, 0, 0, 0, 0, 0, 0
0, 4.07009e-11, 1.52462e-11, 0, 0, 0, 0, 0, 0, 0, 0, 0, 0, 0, 0, 0, 0, 0, 0, 0, 0, 0, 0, 0, 0, 0, 0, 0, 0, 0, 0, 0, 0, 0, 0, 0, 0, 0, 0, 0, 0, 0, 0, 0, 0, 0, 0, 0, 0, 0, 0, 0, 0, 0, 0, 0, 0, 0, 0, 0, 0, 0, 0, 0, 0, 0, 0, 0, 0, 0, 0, 0, 0, 0, 0, 0, 0, 0, 0, 0, 0, 0, 0, 0, 0, 0, 0, 0, 0, 0, 0, 0, 0, 0, 0, 0, 0, 0, 0, 0
0, 6.10526e-11, 0, 0, 0, 0, 0, 0, 0, 0, 0, 0, 0, 0, 0, 0, 0, 0, 0, 0, 0, 0, 0, 0, 0, 0, 0, 0, 0, 0, 0, 0, 0, 0, 0, 0, 0, 0, 0, 0, 0, 0, 0, 0, 0, 0, 0, 0, 0, 0, 0, 0, 0, 0, 0, 0, 0, 0, 0, 0, 0, 0, 0, 0, 0, 0, 0, 0, 0, 0, 0, 0, 0, 0, 0, 0, 0, 0, 0, 0, 0, 0, 0, 0, 0, 0, 0, 0, 0, 0, 0, 0, 0, 0, 0, 0, 0, 0, 0, 0
0, 4.89986e-11, 1.41789e-11, 0, 0, 0, 0, 0, 0, 0, 0, 0, 0, 0, 0, 0, 0, 0, 0, 0, 0, 0, 0, 0, 0, 0, 0, 0, 0, 0, 0, 0, 0, 0, 0, 0, 0, 0, 0, 0, 0, 0, 0, 0, 0, 0, 0, 0, 0, 0, 0, 0, 0, 0, 0, 0, 0, 0, 0, 0, 0, 0, 0, 0, 0, 0, 0, 0, 0, 0, 0, 0, 0, 0, 0, 0, 0, 0, 0, 0, 0, 0, 0, 0, 0, 0, 0, 0, 0, 0, 0, 0, 0, 0, 0, 0, 0, 0, 0, 0
0, 7.02215e-12, 5.43117e-11, 7.7777e-12, 4.77241e-12, 0, 0, 0, 0, 0, 0, 0, 0, 0, 0, 0, 0, 0, 0, 0, 0, 0, 0, 0, 0, 0, 0, 0, 0, 0, 0, 0, 0, 0, 0, 0, 0, 0, 0, 0, 0, 0, 0, 0, 0, 0, 0, 0, 0, 0, 0, 0, 0, 0, 0, 0, 0, 0, 0, 0, 0, 0, 0, 0, 0, 0, 0, 0, 0, 0, 0, 0, 0, 0, 0, 0, 0, 0, 0, 0, 0, 0, 0, 0, 0, 0, 0, 0, 0, 0, 0, 0, 0, 0, 0, 0, 0, 0, 0, 0
0, 0, 2.00327e-11, 5.15047e-12, 5.42215e-12, 0, 0, 0, 0, 0, 0, 0, 0, 0, 0, 0, 0, 0, 0, 0, 0, 0, 0, 0, 0, 0, 0, 0, 0, 0, 0, 0, 0, 0, 0, 0, 0, 0, 0, 0, 0, 0, 0, 0, 0, 0, 0, 0, 0, 0, 0, 0, 0, 0, 0, 0, 0, 0, 0, 0, 0, 0, 0, 0, 0, 0, 0, 0, 0, 0, 0, 0, 0, 0, 0, 0, 0, 0, 0, 0, 0, 0, 0, 0, 0, 0, 0, 0, 0, 0, 0, 0, 0, 0, 0, 0, 0, 0, 0, 0
0, 0, 1.43872e-11, 2.76416e-11, 1.15749e-11, 4.15835e-12, 3.60723e-12, 1.25417e-12, 1.81939e-12, 0, 0, 0, 0, 0, 0, 0, 0, 0, 0, 0, 0, 0, 0, 0, 0, 0, 0, 0, 0, 0, 0, 0, 0, 0, 0, 0, 0, 0, 0, 0, 0, 0, 0, 0, 0, 0, 0, 0, 0, 0, 0, 0, 0, 0, 0, 0, 0, 0, 0, 0, 0, 0, 0, 0, 0, 0, 0, 0, 0, 0, 0, 0, 0, 0, 0, 0, 0, 0, 0, 0, 0, 0, 0, 0, 0, 0, 0, 0, 0, 0, 0, 0, 0, 0, 0, 0, 0, 0, 0, 0
0, 0, 0, 0, 3.50533e-11, 9.44889e-13, 2.06982e-12, 3.06241e-12, 0, 0, 0, 0, 0, 0, 0, 0, 0, 0, 0, 0, 0, 0, 0, 0, 0, 0, 0, 0, 0, 0, 0, 0, 0, 0, 0, 0, 0, 0, 0, 0, 0, 0, 0, 0, 0, 0, 0, 0, 0, 0, 0, 0, 0, 0, 0, 0, 0, 0, 0, 0, 0, 0, 0, 0, 0, 0, 0, 0, 0, 0, 0, 0, 0, 0, 0, 0, 0, 0, 0, 0, 0, 0, 0, 0, 0, 0, 0, 0, 0, 0, 0, 0, 0, 0, 0, 0, 0, 0, 0, 0
0, 0, 0, 0, 0, 0, 0, 0, 0, 0, 0, 0, 0, 0, 0, 0, 0, 0, 0, 0, 0, 0, 0, 0, 0, 0, 0, 0, 0, 0, 0, 0, 0, 0, 0, 0, 0, 0, 0, 0, 0, 0, 0, 0, 0, 0, 0, 0, 0, 0, 0, 0, 0, 0, 0, 0, 0, 0, 0, 0, 0, 0, 0, 0, 0, 0, 0, 0, 0, 0, 0, 0, 0, 0, 0, 0, 0, 0, 0, 0, 0, 0, 0, 0, 0, 0, 0, 0, 0, 0, 0, 0, 0, 0, 0, 0, 0, 0, 0, 0
0, 0, 0, 0, 0, 0, 0, 0, 0, 0, 0, 0, 0, 0, 0, 0, 0, 0, 0, 0, 0, 0, 0, 0, 0, 0, 0, 0, 0, 0, 0, 0, 0, 0, 0, 0, 0, 0, 0, 0, 0, 0, 0, 0, 0, 0, 0, 0, 0, 0, 0, 0, 0, 0, 0, 0, 0, 0, 0, 0, 0, 0, 0, 0, 0, 0, 0, 0, 0, 0, 0, 0, 0, 0, 0, 0, 0, 0, 0, 0, 0, 0, 0, 0, 0, 0, 0, 0, 0, 0, 0, 0, 0, 0, 0, 0, 0, 0, 0, 0
0, 0, 0, 0, 0, 0, 0, 0, 0, 0, 0, 0, 0, 0, 0, 0, 0, 0, 0, 0, 0, 0, 0, 0, 0, 0, 0, 0, 0, 0, 0, 0, 0, 0, 0, 0, 0, 0, 0, 0, 0, 0, 0, 0, 0, 0, 0, 0, 0, 0, 0, 0, 0, 0, 0, 0, 0, 0, 0, 0, 0, 0, 0, 0, 0, 0, 0, 0, 0, 0, 0, 0, 0, 0, 0, 0, 0, 0, 0, 0, 0, 0, 0, 0, 0, 0, 0, 0, 0, 0, 0, 0, 0, 0, 0, 0, 0, 0, 0, 0
0, 0, 0, 0, 0, 0, 0, 0, 0, 0, 0, 0, 0, 0, 0, 0, 0, 0, 0, 0, 0, 0, 0, 0, 0, 0, 0, 0, 0, 0, 0, 0, 0, 0, 0, 0, 0, 0, 0, 0, 0, 0, 0, 0, 0, 0, 0, 0, 0, 0, 0, 0, 0, 0, 0, 0, 0, 0, 0, 0, 0, 0, 0, 0, 0, 0, 0, 0, 0, 0, 0, 0, 0, 0, 0, 0, 0, 0, 0, 0, 0, 0, 0, 0, 0, 0, 0, 0, 0, 0, 0, 0, 0, 0, 0, 0, 0, 0, 0, 0
0, 0, 0, 0, 0, 0, 0, 0, 0, 0, 0, 0, 0, 0, 0, 0, 0, 0, 0, 0, 0, 0, 0, 0, 0, 0, 0, 0, 0, 0, 0, 0, 0, 0, 0, 0, 0, 0, 0, 0, 0, 0, 0, 0, 0, 0, 0, 0, 0, 0, 0, 0, 0, 0, 0, 0, 0, 0, 0, 0, 0, 0, 0, 0, 0, 0, 0, 0, 0, 0, 0, 0, 0, 0, 0, 0, 0, 0, 0, 0, 0, 0, 0, 0, 0, 0, 0, 0, 0, 0, 0, 0, 0, 0, 0, 0, 0, 0, 0, 0
0, 0, 0, 0, 0, 0, 0, 0, 0, 0, 0, 0, 0, 0, 0, 0, 0, 0, 0, 0, 0, 0, 0, 0, 0, 0, 0, 0, 0, 0, 0, 0, 0, 0, 0, 0, 0, 0, 0, 0, 0, 0, 0, 0, 0, 0, 0, 0, 0, 0, 0, 0, 0, 0, 0, 0, 0, 0, 0, 0, 0, 0, 0, 0, 0, 0, 0, 0, 0, 0, 0, 0, 0, 0, 0, 0, 0, 0, 0, 0, 0, 0, 0, 0, 0, 0, 0, 0, 0, 0, 0, 0, 0, 0, 0, 0, 0, 0, 0, 0
0, 0, 0, 0, 0, 0, 0, 0, 0, 0, 0, 0, 0, 0, 0, 0, 0, 0, 0, 0, 0, 0, 0, 0, 0, 0, 0, 0, 0, 0, 0, 0, 0, 0, 0, 0, 0, 0, 0, 0, 0, 0, 0, 0, 0, 0, 0, 0, 0, 0, 0, 0, 0, 0, 0, 0, 0, 0, 0, 0, 0, 0, 0, 0, 0, 0, 0, 0, 0, 0, 0, 0, 0, 0, 0, 0, 0, 0, 0, 0, 0, 0, 0, 0, 0, 0, 0, 0, 0, 0, 0, 0, 0, 0, 0, 0, 0, 0, 0, 0
0, 0, 0, 0, 0, 0, 0, 0, 0, 0, 0, 0, 0, 0, 0, 0, 0, 0, 0, 0, 0, 0, 0, 0, 0, 0, 0, 0, 0, 0, 0, 0, 0, 0, 0, 0, 0, 0, 0, 0, 0, 0, 0, 0, 0, 0, 0, 0, 0, 0, 0, 0, 0, 0, 0, 0, 0, 0, 0, 0, 0, 0, 0, 0, 0, 0, 0, 0, 0, 0, 0, 0, 0, 0, 0, 0, 0, 0, 0, 0, 0, 0, 0, 0, 0, 0, 0, 0, 0, 0, 0, 0, 0, 0, 0, 0, 0, 0, 0, 0
0, 0, 0, 0, 0, 0, 0, 0, 0, 0, 0, 0, 0, 0, 0, 0, 0, 0, 0, 0, 0, 0, 0, 0, 0, 0, 0, 0, 0, 0, 0, 0, 0, 0, 0, 0, 0, 0, 0, 0, 0, 0, 0, 0, 0, 0, 0, 0, 0, 0, 0, 0, 0, 0, 0, 0, 0, 0, 0, 0, 0, 0, 0, 0, 0, 0, 0, 0, 0, 0, 0, 0, 0, 0, 0, 0, 0, 0, 0, 0, 0, 0, 0, 0, 0, 0, 0, 0, 0, 0, 0, 0, 0, 0, 0, 0, 0, 0, 0, 0
0, 0, 0, 0, 0, 0, 0, 0, 0, 0, 0, 0, 0, 0, 0, 0, 0, 0, 0, 0, 0, 0, 0, 0, 0, 0, 0, 0, 0, 0, 0, 0, 0, 0, 0, 0, 0, 0, 0, 0, 0, 0, 0, 0, 0, 0, 0, 0, 0, 0, 0, 0, 0, 0, 0, 0, 0, 0, 0, 0, 0, 0, 0, 0, 0, 0, 0, 0, 0, 0, 0, 0, 0, 0, 0, 0, 0, 0, 0, 0, 0, 0, 0, 0, 0, 0, 0, 0, 0, 0, 0, 0, 0, 0, 0, 0, 0, 0, 0, 0
0, 0, 0, 0, 0, 0, 0, 0, 0, 0, 0, 0, 0, 0, 0, 0, 0, 0, 0, 0, 0, 0, 0, 0, 0, 0, 0, 0, 0, 0, 0, 0, 0, 0, 0, 0, 0, 0, 0, 0, 0, 0, 0, 0, 0, 0, 0, 0, 0, 0, 0, 0, 0, 0, 0, 0, 0, 0, 0, 0, 0, 0, 0, 0, 0, 0, 0, 0, 0, 0, 0, 0, 0, 0, 0, 0, 0, 0, 0, 0, 0, 0, 0, 0, 0, 0, 0, 0, 0, 0, 0, 0, 0, 0, 0, 0, 0, 0, 0, 0
0, 0, 0, 0, 0, 0, 0, 0, 0, 0, 0, 0, 0, 0, 0, 0, 0, 0, 0, 0, 0, 0, 0, 0, 0, 0, 0, 0, 0, 0, 0, 0, 0, 0, 0, 0, 0, 0, 0, 0, 0, 0, 0, 0, 0, 0, 0, 0, 0, 0, 0, 0, 0, 0, 0, 0, 0, 0, 0, 0, 0, 0, 0, 0, 0, 0, 0, 0, 0, 0, 0, 0, 0, 0, 0, 0, 0, 0, 0, 0, 0, 0, 0, 0, 0, 0, 0, 0, 0, 0, 0, 0, 0, 0, 0, 0, 0, 0, 0, 0
0, 0, 0, 0, 0, 0, 0, 0, 0, 0, 0, 0, 0, 0, 0, 0, 0, 0, 0, 0, 0, 0, 0, 0, 0, 0, 0, 0, 0, 0, 0, 0, 0, 0, 0, 0, 0, 0, 0, 0, 0, 0, 0, 0, 0, 0, 0, 0, 0, 0, 0, 0, 0, 0, 0, 0, 0, 0, 0, 0, 0, 0, 0, 0, 0, 0, 0, 0, 0, 0, 0, 0, 0, 0, 0, 0, 0, 0, 0, 0, 0, 0, 0, 0, 0, 0, 0, 0, 0, 0, 0, 0, 0, 0, 0, 0, 0, 0, 0, 0
