0.160195, 0.0176657, 0.00882349, 0.00499855, 0.00295552, 0.00180335, 0.00112914, 0.000717735, 0.000460096, 0.000301212, 0.000200209, 0.000133383, 8.88746e-05, 6.02916e-05, 4.11329e-05, 2.72496e-05, 1.91221e-05, 1.31851e-05, 9.04526e-06, 6.22189e-06, 4.42281e-06, 3.03976e-06, 2.11797e-06, 1.51812e-06, 1.08017e-06, 7.3991e-07, 5.2972e-07, 3.5642e-07, 2.5688e-07, 1.95529e-07, 1.38516e-07, 1.01054e-07, 6.5864e-08, 4.97055e-08, 3.77728e-08, 2.54024e-08, 1.71025e-08, 1.25873e-08, 8.98257e-09, 5.91822e-09, 4.33661e-09, 3.17731e-09, 2.49645e-09, 2.12596e-09, 1.51999e-09, 1.18126e-09, 7.41369e-10, 5.6819e-10, 4.02732e-10, 3.87089e-10, 3.17347e-10, 2.04402e-10, 1.3367e-10, 1.26674e-10, 5.25407e-11, 5.27226e-11, 4.12135e-11, 4.77712e-11, 1.31584e-11, 1.21462e-11, 7.77048e-12, 4.9419e-12, 5.07533e-12, 1.09606e-12, 9.96789e-13, 9.21583e-13, 8.16292e-13, 2.57283e-13, 1.13361e-12, 6.57105e-13, 0, 0, 0, 0, 0, 0, 0, 0, 0, 0, 0, 0, 0, 0, 0, 0, 0, 0, 0, 0, 0, 0, 0, 0, 0, 0, 0, 0, 0, 0
0.0973589, 0.0212189, 0.00937095, 0.00512134, 0.00301302, 0.00184978, 0.0011653, 0.000749272, 0.000484706, 0.000317182, 0.000208334, 0.000140201, 9.4396e-05, 6.43588e-05, 4.33246e-05, 2.95391e-05, 2.0479e-05, 1.42045e-05, 9.78708e-06, 6.74777e-06, 4.68406e-06, 3.31771e-06, 2.30227e-06, 1.66313e-06, 1.15969e-06, 8.08507e-07, 5.65794e-07, 3.98734e-07, 2.99227e-07, 2.14094e-07, 1.48553e-07, 1.02201e-07, 7.4687e-08, 5.77151e-08, 3.6928e-08, 2.8187e-08, 2.10566e-08, 1.40926e-08, 9.97909e-09, 6.8983e-09, 4.72999e-09, 3.62338e-09, 2.82929e-09, 2.14818e-09, 1.69449e-09, 1.00565e-09, 1.13357e-09, 7.66794e-10, 5.24161e-10, 3.65014e-10, 2.38466e-10, 1.99578e-10, 1.9813e-10, 1.35184e-10, 9.95143e-11, 4.45189e-11, 3.45659e-11, 2.55378e-11, 2.25141e-11, 1.16091e-11, 9.89899e-12, 8.08473e-12, 1.12026e-11, 2.05202e-12, 4.91819e-13, 9.91659e-13, 1.21135e-12, 0, 1.49195e-12, 6.35306e-13, 0, 0, 0, 0, 0, 0, 0, 0, 0, 0, 0, 0, 0, 0, 0, 0, 0, 0, 0, 0, 0, 0, 0, 0, 0, 0, 0, 0, 0, 0
0.0415214, 0.0178185, 0.00868214, 0.00485844, 0.00289767, 0.00180723, 0.00114694, 0.000742924, 0.000488565, 0.000323175, 0.00021424, 0.000145356, 9.87195e-05, 6.78519e-05, 4.55838e-05, 3.16878e-05, 2.19518e-05, 1.49282e-05, 1.05911e-05, 7.34866e-06, 5.08914e-06, 3.60288e-06, 2.4618e-06, 1.76197e-06, 1.25877e-06, 8.98162e-07, 6.32669e-07, 4.4252e-07, 3.06424e-07, 2.20236e-07, 1.59323e-07, 1.14966e-07, 8.53672e-08, 6.10729e-08, 4.36918e-08, 2.98809e-08, 2.12269e-08, 1.62451e-08, 1.1995e-08, 8.35634e-09, 5.60061e-09, 4.07597e-09, 3.17907e-09, 2.19663e-09, 1.6176e-09, 1.21403e-09, 9.61511e-10, 7.5794e-10, 5.56211e-10, 3.63003e-10, 2.81054e-10, 2.56164e-10, 2.34805e-10, 1.70844e-10, 1.41923e-10, 6.04482e-11, 3.38695e-11, 2.80936e-11, 1.24045e-11, 1.79671e-11, 1.78496e-11, 8.00486e-12, 4.60921e-12, 2.271e-12, 2.033e-12, 1.1509e-12, 3.82635e-12, 1.02252e-12, 2.15034e-12, 8.86875e-13, 0, 0, 0, 0, 0, 0, 0, 0, 0, 0, 0, 0, 0, 0, 0, 0, 0, 0, 0, 0, 0, 0, 0, 0, 0, 0, 0, 0, 0, 0
0.0176938, 0.0114389, 0.00673732, 0.00409488, 0.00255665, 0.00164057, 0.00106543, 0.000700863, 0.000467153, 0.000311919, 0.000210613, 0.000143836, 9.77302e-05, 6.73581e-05, 4.61861e-05, 3.20588e-05, 2.24588e-05, 1.55121e-05, 1.07934e-05, 7.70914e-06, 5.34372e-06, 3.77441e-06, 2.58381e-06, 1.8356e-06, 1.30334e-06, 9.20999e-07, 6.8284e-07, 4.75496e-07, 3.35999e-07, 2.33695e-07, 1.77782e-07, 1.28108e-07, 8.54358e-08, 6.70758e-08, 4.7151e-08, 3.46441e-08, 2.54861e-08, 1.82443e-08, 1.18e-08, 8.24169e-09, 6.4212e-09, 4.99373e-09, 3.57432e-09, 2.61401e-09, 1.81539e-09, 1.19593e-09, 8.83923e-10, 8.34445e-10, 5.81417e-10, 3.35185e-10, 3.01256e-10, 2.74617e-10, 2.60835e-10, 1.45349e-10, 1.19956e-10, 5.07057e-11, 3.9304e-11, 4.24119e-11, 3.21264e-11, 1.73295e-11, 1.72365e-11, 5.35209e-12, 8.65985e-12, 1.02691e-11, 2.1463e-12, 3.45178e-12, 4.30048e-12, 1.1527e-12, 2.31282e-12, 0, 0, 0, 0, 0, 0, 0, 0, 0, 0, 0, 0, 0, 0, 0, 0, 0, 0, 0, 0, 0, 0, 0, 0, 0, 0, 0, 0, 0, 0, 0
0.00867534, 0.00676901, 0.00469889, 0.00315578, 0.00208359, 0.00139213, 0.000935638, 0.000626256, 0.000425169, 0.00029108, 0.000198876, 0.000137417, 9.39625e-05, 6.52338e-05, 4.5123e-05, 3.15387e-05, 2.2216e-05, 1.55152e-05, 1.09016e-05, 7.72427e-06, 5.40596e-06, 3.83877e-06, 2.70433e-06, 1.95662e-06, 1.38279e-06, 9.70601e-07, 6.9148e-07, 5.08918e-07, 3.48089e-07, 2.60269e-07, 1.77594e-07, 1.35669e-07, 9.32014e-08, 6.53065e-08, 5.12647e-08, 3.92162e-08, 2.70419e-08, 2.02039e-08, 1.29904e-08, 9.99147e-09, 6.88585e-09, 5.34448e-09, 3.54031e-09, 3.196e-09, 2.06186e-09, 1.41243e-09, 1.30646e-09, 8.3898e-10, 5.44101e-10, 4.01814e-10, 3.38238e-10, 3.23918e-10, 1.93555e-10, 1.94289e-10, 1.20628e-10, 9.95909e-11, 7.00361e-11, 5.55344e-11, 3.95505e-11, 2.34725e-11, 8.3226e-12, 1.34955e-11, 1.42337e-11, 5.79402e-12, 9.8323e-12, 2.34081e-12, 5.89342e-12, 3.40698e-12, 3.77675e-12, 0, 0, 0, 0, 0, 0, 0, 0, 0, 0, 0, 0, 0, 0, 0, 0, 0, 0, 0, 0, 0, 0, 0, 0, 0, 0, 0, 0, 0, 0, 0
0.00478329, 0.00406335, 0.00313801, 0.00228573, 0.00161216, 0.0011289, 0.000779981, 0.000537815, 0.000370857, 0.000258251, 0.000181312, 0.000126527, 8.7936e-05, 6.10796e-05, 4.2785e-05, 3.05086e-05, 2.17031e-05, 1.51566e-05, 1.05874e-05, 7.38454e-06, 5.3919e-06, 3.8423e-06, 2.76425e-06, 1.93604e-06, 1.3568e-06, 9.81548e-07, 7.13243e-07, 5.06852e-07, 3.75357e-07, 2.58264e-07, 1.81941e-07, 1.48187e-07, 9.90247e-08, 6.99795e-08, 4.93404e-08, 3.84041e-08, 2.95693e-08, 1.86548e-08, 1.41149e-08, 1.01536e-08, 7.87298e-09, 4.89237e-09, 3.91504e-09, 3.24828e-09, 2.24599e-09, 1.58211e-09, 9.47187e-10, 9.08783e-10, 6.9264e-10, 4.90099e-10, 4.32945e-10, 3.07237e-10, 2.11457e-10, 1.20188e-10, 8.66855e-11, 7.98693e-11, 6.09949e-11, 3.91227e-11, 2.07654e-11, 2.90345e-11, 1.44607e-11, 9.08817e-12, 1.57788e-11, 1.34593e-11, 1.25517e-11, 3.96465e-12, 7.62087e-12, 3.3673e-12, 9.28482e-13, 3.75209e-13, 2.17325e-13, 0, 0, 0, 0, 0, 0, 0, 0, 0, 0, 0, 0, 0, 0, 0, 0, 0, 0, 0, 0, 0, 0, 0, 0, 0, 0, 0, 0, 0
0.00282148, 0.00251791, 0.00205927, 0.0016042, 0.00119641, 0.000878282, 0.000628868, 0.000445075, 0.000315987, 0.00022267, 0.000160076, 0.000112474, 7.95068e-05, 5.62684e-05, 3.97086e-05, 2.79816e-05, 2.02618e-05, 1.43589e-05, 1.01134e-05, 7.316e-06, 5.14846e-06, 3.77514e-06, 2.65793e-06, 1.866e-06, 1.35685e-06, 9.73351e-07, 7.11415e-07, 4.86826e-07, 3.77911e-07, 2.81538e-07, 1.98085e-07, 1.40663e-07, 9.91577e-08, 7.00224e-08, 5.06987e-08, 4.03627e-08, 2.97916e-08, 2.12101e-08, 1.52619e-08, 1.14021e-08, 7.70176e-09, 5.43266e-09, 4.05002e-09, 3.16795e-09, 2.25316e-09, 1.85946e-09, 1.06587e-09, 8.11439e-10, 6.23986e-10, 5.40798e-10, 4.41493e-10, 2.3493e-10, 1.57069e-10, 1.22132e-10, 9.97031e-11, 1.60702e-10, 1.13723e-10, 7.18567e-11, 4.51888e-11, 2.49331e-11, 2.447e-11, 1.38093e-11, 8.30514e-12, 1.06785e-11, 5.00637e-12, 7.60415e-12, 4.58029e-12, 3.54709e-12, 9.13827e-13, 0, 2.10934e-13, 0, 0, 0, 0, 0, 0, 0, 0, 0, 0, 0, 0, 0, 0, 0, 0, 0, 0, 0, 0, 0, 0, 0, 0, 0, 0, 0, 0, 0
0.00173544, 0.00161756, 0.00137208, 0.0011187, 0.000867662, 0.000652464, 0.000488088, 0.000357603, 0.000262066, 0.000188551, 0.000136203, 9.83055e-05, 6.98831e-05, 5.0149e-05, 3.59974e-05, 2.55559e-05, 1.82745e-05, 1.32697e-05, 9.63707e-06, 6.83586e-06, 4.8448e-06, 3.51221e-06, 2.51705e-06, 1.87115e-06, 1.28414e-06, 9.29766e-07, 6.89121e-07, 5.02125e-07, 3.57244e-07, 2.65729e-07, 1.93568e-07, 1.37532e-07, 9.59612e-08, 6.55095e-08, 4.91583e-08, 3.62317e-08, 2.93451e-08, 1.98701e-08, 1.57306e-08, 1.05832e-08, 7.04868e-09, 5.52345e-09, 4.69262e-09, 2.93423e-09, 2.21722e-09, 1.55257e-09, 1.12339e-09, 7.676e-10, 6.04974e-10, 6.49094e-10, 4.3644e-10, 2.43947e-10, 1.59713e-10, 1.47276e-10, 7.93124e-11, 1.16988e-10, 7.24122e-11, 5.61641e-11, 2.20801e-11, 2.01064e-11, 1.83956e-11, 2.28272e-11, 1.64948e-11, 8.85938e-12, 4.37795e-12, 2.68112e-12, 5.17905e-12, 8.22877e-12, 4.40462e-12, 1.1902e-12, 5.32654e-13, 0, 0, 8.07973e-14, 1.16634e-13, 0, 0, 0, 0, 0, 0, 0, 0, 0, 0, 0, 0, 0, 0, 0, 0, 0, 0, 0, 0, 0, 0, 0, 0, 0
0.00110046, 0.00104584, 0.000917817, 0.000773005, 0.000621314, 0.000486656, 0.000374185, 0.000281677, 0.000209636, 0.000154007, 0.000114007, 8.28889e-05, 6.02164e-05, 4.38432e-05, 3.19978e-05, 2.32064e-05, 1.63897e-05, 1.2014e-05, 8.69697e-06, 6.28418e-06, 4.5424e-06, 3.22201e-06, 2.40745e-06, 1.72638e-06, 1.25093e-06, 8.93237e-07, 6.68659e-07, 4.87965e-07, 3.56058e-07, 2.61632e-07, 1.81522e-07, 1.30945e-07, 9.2213e-08, 6.63048e-08, 5.28322e-08, 3.63095e-08, 2.67717e-08, 2.13803e-08, 1.58668e-08, 1.20015e-08, 8.03828e-09, 5.70231e-09, 4.20366e-09, 2.80537e-09, 2.27898e-09, 1.81112e-09, 1.14038e-09, 8.01204e-10, 6.59689e-10, 6.30632e-10, 3.8192e-10, 2.60815e-10, 2.19335e-10, 1.41882e-10, 7.03324e-11, 5.39117e-11, 8.54808e-11, 3.38448e-11, 1.44186e-11, 2.19811e-11, 1.32257e-11, 1.07818e-11, 1.86516e-11, 1.28184e-11, 4.13491e-12, 5.9904e-12, 2.39001e-12, 1.86795e-12, 3.98427e-12, 3.21675e-12, 2.12555e-12, 8.87749e-13, 4.00862e-13, 6.12928e-13, 4.33228e-13, 0, 0, 0, 0, 0, 0, 0, 0, 0, 0, 0, 0, 0, 0, 0, 0, 0, 0, 0, 0, 0, 0, 0, 0, 0
0.000728518, 0.000699079, 0.000621408, 0.00053936, 0.000445499, 0.000358353, 0.000281068, 0.000218012, 0.000164418, 0.000125013, 9.23133e-05, 6.92515e-05, 5.08944e-05, 3.78265e-05, 2.73309e-05, 2.0081e-05, 1.47574e-05, 1.07248e-05, 7.89981e-06, 5.58558e-06, 4.07775e-06, 3.02213e-06, 2.25136e-06, 1.58636e-06, 1.15454e-06, 8.38318e-07, 6.22306e-07, 4.64979e-07, 3.35745e-07, 2.34022e-07, 1.75496e-07, 1.2619e-07, 9.57994e-08, 6.88342e-08, 5.04781e-08, 3.63528e-08, 2.61038e-08, 1.92693e-08, 1.49757e-08, 1.10747e-08, 7.64274e-09, 6.00533e-09, 4.40039e-09, 3.43742e-09, 2.38347e-09, 1.85075e-09, 1.29017e-09, 1.23353e-09, 7.98875e-10, 4.48838e-10, 3.32986e-10, 2.81172e-10, 1.25702e-10, 1.26891e-10, 1.02525e-10, 6.55544e-11, 5.67777e-11, 3.6216e-11, 2.3644e-11, 1.83358e-11, 1.24882e-11, 1.23224e-11, 1.22368e-11, 5.95108e-12, 8.3492e-12, 2.38624e-12, 2.63093e-12, 3.83691e-12, 5.99922e-12, 0, 4.82821e-12, 3.92225e-12, 3.44932e-12, 1.32537e-12, 0, 0, 0, 0, 0, 0, 0, 0, 0, 0, 0, 0, 0, 0, 0, 0, 0, 0, 0, 0, 0, 0, 0, 0, 0, 0
0.000488132, 0.00047001, 0.000427776, 0.000375185, 0.000317615, 0.000262382, 0.000210924, 0.000166483, 0.000128014, 9.80647e-05, 7.5019e-05, 5.67726e-05, 4.21972e-05, 3.17732e-05, 2.34146e-05, 1.73647e-05, 1.27831e-05, 9.45657e-06, 7.02745e-06, 5.04582e-06, 3.75059e-06, 2.70978e-06, 2.00263e-06, 1.44377e-06, 1.05959e-06, 7.72657e-07, 5.49412e-07, 4.1549e-07, 3.04892e-07, 2.34217e-07, 1.72397e-07, 1.28029e-07, 8.65441e-08, 6.56562e-08, 5.11614e-08, 3.57926e-08, 2.4461e-08, 1.78103e-08, 1.42151e-08, 1.05073e-08, 7.22696e-09, 4.81186e-09, 4.36744e-09, 3.53756e-09, 2.27892e-09, 1.49859e-09, 1.3662e-09, 9.21896e-10, 8.14049e-10, 4.9068e-10, 3.96016e-10, 2.87613e-10, 1.54454e-10, 1.34217e-10, 1.02106e-10, 7.85109e-11, 7.12903e-11, 5.59136e-11, 6.27908e-11, 1.7305e-11, 1.74098e-11, 1.21449e-11, 7.56375e-12, 2.01079e-11, 9.5607e-12, 3.31503e-12, 7.20528e-14, 1.87331e-12, 4.42091e-12, 1.4736e-12, 2.78871e-12, 4.86302e-12, 3.86125e-12, 2.28184e-13, 0, 0, 0, 0, 0, 0, 0, 0, 0, 0, 0, 0, 0, 0, 0, 0, 0, 0, 0, 0, 0, 0, 0, 0, 0, 0
0.000334421, 0.000319804, 0.000290727, 0.000262243, 0.000226691, 0.000189758, 0.000155883, 0.000124163, 9.86183e-05, 7.64841e-05, 5.94607e-05, 4.51972e-05, 3.44979e-05, 2.57289e-05, 1.97016e-05, 1.4574e-05, 1.09181e-05, 8.09583e-06, 6.06435e-06, 4.44195e-06, 3.27828e-06, 2.45788e-06, 1.8319e-06, 1.35767e-06, 9.75e-07, 6.98506e-07, 5.28126e-07, 3.70454e-07, 2.87312e-07, 2.15002e-07, 1.57369e-07, 1.16869e-07, 7.93464e-08, 6.09431e-08, 4.2552e-08, 3.33061e-08, 2.46407e-08, 1.74181e-08, 1.36266e-08, 1.02326e-08, 7.40039e-09, 4.92397e-09, 3.60639e-09, 2.69516e-09, 2.46065e-09, 1.62236e-09, 1.19228e-09, 9.88841e-10, 4.86357e-10, 3.42849e-10, 2.84596e-10, 2.08675e-10, 1.50071e-10, 1.18137e-10, 8.48687e-11, 9.25571e-11, 5.90008e-11, 3.43814e-11, 2.91324e-11, 3.22585e-11, 1.8825e-11, 1.39329e-11, 5.71857e-12, 1.46256e-11, 1.54149e-12, 4.4717e-12, 2.65545e-12, 1.64271e-12, 4.5774e-12, 1.8769e-12, 1.27984e-12, 1.95346e-12, 3.04586e-12, 6.77591e-13, 0, 0, 0, 0, 0, 0, 0, 0, 0, 0, 0, 0, 0, 0, 0, 0, 0, 0, 0, 0, 0, 0, 0, 0, 0, 0
0.000227112, 0.000216042, 0.000203589, 0.000184477, 0.000162649, 0.000139282, 0.000116202, 9.36571e-05, 7.54184e-05, 5.89379e-05, 4.62974e-05, 3.55478e-05, 2.7642e-05, 2.11137e-05, 1.61102e-05, 1.22507e-05, 9.18271e-06, 6.90346e-06, 5.29357e-06, 3.93783e-06, 2.87041e-06, 2.157e-06, 1.56863e-06, 1.19054e-06, 9.08148e-07, 6.73297e-07, 5.02753e-07, 3.66731e-07, 2.68001e-07, 1.92725e-07, 1.40382e-07, 1.05703e-07, 7.69342e-08, 5.64066e-08, 4.19905e-08, 3.18303e-08, 2.53657e-08, 1.59532e-08, 1.21087e-08, 9.07405e-09, 6.35617e-09, 4.67715e-09, 3.27772e-09, 2.73254e-09, 2.20171e-09, 1.63149e-09, 1.30694e-09, 7.94985e-10, 5.30132e-10, 3.21055e-10, 1.88578e-10, 2.28027e-10, 1.46652e-10, 1.17208e-10, 8.27988e-11, 1.06386e-10, 8.44429e-11, 2.34732e-11, 2.74195e-11, 1.99426e-11, 1.86117e-11, 1.1213e-11, 1.78375e-11, 9.88024e-12, 2.34596e-12, 2.00994e-12, 1.6793e-12, 2.91206e-12, 1.45419e-12, 2.65513e-12, 1.20885e-12, 2.20154e-12, 1.35312e-12, 3.59567e-13, 0, 0, 0, 0, 0, 0, 0, 0, 0, 0, 0, 0, 0, 0, 0, 0, 0, 0, 0, 0, 0, 0, 0, 0, 0, 0
0.000149757, 0.000148633, 0.000143078, 0.000128913, 0.000115628, 0.000101491, 8.59034e-05, 7.02333e-05, 5.65861e-05, 4.50821e-05, 3.61293e-05, 2.81273e-05, 2.22751e-05, 1.70706e-05, 1.30047e-05, 1.01504e-05, 7.75318e-06, 5.92209e-06, 4.47924e-06, 3.36364e-06, 2.58566e-06, 1.85425e-06, 1.36184e-06, 1.04327e-06, 7.99371e-07, 5.81383e-07, 4.2664e-07, 3.21441e-07, 2.41389e-07, 1.78165e-07, 1.33162e-07, 9.29799e-08, 6.65574e-08, 5.32941e-08, 4.09331e-08, 3.09347e-08, 2.29208e-08, 1.59053e-08, 1.13799e-08, 8.34833e-09, 5.8116e-09, 4.42586e-09, 3.20798e-09, 2.1942e-09, 1.75816e-09, 1.37984e-09, 1.05427e-09, 7.9087e-10, 6.02404e-10, 3.36126e-10, 2.4696e-10, 2.03357e-10, 1.50588e-10, 7.20633e-11, 7.23407e-11, 5.83582e-11, 3.59303e-11, 3.61082e-11, 1.85196e-11, 1.4587e-11, 1.05771e-11, 2.13801e-11, 7.66844e-12, 2.0173e-12, 1.55639e-12, 8.59556e-13, 9.44276e-13, 8.94862e-13, 3.0501e-13, 6.58279e-13, 2.42973e-12, 1.43316e-12, 3.64887e-13, 0, 0, 0, 0, 0, 0, 0, 0, 0, 0, 0, 0, 0, 0, 0, 0, 0, 0, 0, 0, 0, 0, 0, 0, 0, 0, 0
0.000109125, 0.000102881, 9.89594e-05, 9.13192e-05, 8.26387e-05, 7.21357e-05, 6.20762e-05, 5.19394e-05, 4.2925e-05, 3.41952e-05, 2.79466e-05, 2.21731e-05, 1.73947e-05, 1.37166e-05, 1.04136e-05, 8.38842e-06, 6.46438e-06, 4.83333e-06, 3.69334e-06, 2.83103e-06, 2.1801e-06, 1.60576e-06, 1.1953e-06, 9.1532e-07, 6.66e-07, 4.96419e-07, 3.96596e-07, 2.81566e-07, 2.21688e-07, 1.62179e-07, 1.21905e-07, 8.81123e-08, 6.46463e-08, 4.85699e-08, 3.3038e-08, 2.7266e-08, 2.11158e-08, 1.4715e-08, 1.01887e-08, 7.1759e-09, 4.97983e-09, 4.2361e-09, 3.03899e-09, 2.59567e-09, 1.76615e-09, 1.41684e-09, 1.02775e-09, 8.43935e-10, 6.7338e-10, 4.37998e-10, 2.52265e-10, 2.08292e-10, 1.30386e-10, 1.03859e-10, 7.04973e-11, 4.32039e-11, 3.28559e-11, 3.52255e-11, 1.93284e-11, 1.275e-11, 1.00072e-11, 1.75336e-11, 8.30322e-12, 4.36714e-12, 2.2937e-12, 4.09347e-13, 1.36127e-12, 4.97031e-13, 2.57121e-13, 1.64263e-12, 1.48273e-12, 1.81112e-12, 3.90052e-13, 0, 0, 0, 0, 0, 0, 0, 0, 0, 0, 0, 0, 0, 0, 0, 0, 0, 0, 0, 0, 0, 0, 0, 0, 0, 0, 0
7.43936e-05, 7.35564e-05, 7.03196e-05, 6.45604e-05, 5.96994e-05, 5.24439e-05, 4.54023e-05, 3.92888e-05, 3.22677e-05, 2.60696e-05, 2.09228e-05, 1.70391e-05, 1.33511e-05, 1.06132e-05, 8.55434e-06, 6.70879e-06, 5.15556e-06, 4.00355e-06, 3.05649e-06, 2.3713e-06, 1.79705e-06, 1.31739e-06, 1.04858e-06, 7.49529e-07, 5.69145e-07, 4.41649e-07, 3.39958e-07, 2.51311e-07, 1.89034e-07, 1.35753e-07, 9.95605e-08, 8.10772e-08, 6.10101e-08, 4.18346e-08, 3.50366e-08, 2.43221e-08, 1.83909e-08, 1.36534e-08, 9.52917e-09, 7.44682e-09, 5.22626e-09, 3.95391e-09, 2.73532e-09, 2.13846e-09, 1.72643e-09, 1.40933e-09, 8.88522e-10, 7.72588e-10, 7.18048e-10, 4.37311e-10, 2.46148e-10, 1.99292e-10, 1.2208e-10, 1.17295e-10, 5.76072e-11, 5.29222e-11, 3.8475e-11, 3.14901e-11, 1.70076e-11, 1.02831e-11, 1.03096e-11, 5.50562e-12, 8.50162e-12, 5.85115e-12, 3.23852e-12, 2.78582e-12, 5.8244e-13, 5.0938e-13, 1.77276e-12, 1.14339e-12, 1.6712e-12, 5.72553e-13, 0, 0, 0, 0, 0, 0, 0, 0, 0, 0, 0, 0, 0, 0, 0, 0, 0, 0, 0, 0, 0, 0, 0, 0, 0, 0, 0, 0
5.09391e-05, 5.17567e-05, 4.91159e-05, 4.57559e-05, 4.22495e-05, 3.70752e-05, 3.24995e-05, 2.81188e-05, 2.38571e-05, 1.99051e-05, 1.62146e-05, 1.32791e-05, 1.0765e-05, 8.43141e-06, 6.82003e-06, 5.42717e-06, 4.19869e-06, 3.29584e-06, 2.55554e-06, 1.96344e-06, 1.47795e-06, 1.15644e-06, 8.815e-07, 6.48256e-07, 4.88316e-07, 3.73134e-07, 2.83992e-07, 2.12675e-07, 1.66566e-07, 1.25692e-07, 9.04328e-08, 6.89649e-08, 5.28416e-08, 3.75892e-08, 2.97407e-08, 2.1878e-08, 1.67149e-08, 1.17464e-08, 8.81956e-09, 6.32475e-09, 5.33408e-09, 3.8197e-09, 2.74657e-09, 1.79175e-09, 1.44487e-09, 1.25217e-09, 9.22417e-10, 7.2468e-10, 5.03122e-10, 4.50295e-10, 2.64412e-10, 1.97933e-10, 1.2564e-10, 1.1152e-10, 5.58548e-11, 5.85092e-11, 4.20431e-11, 2.87808e-11, 1.26202e-11, 1.0872e-11, 8.67175e-12, 1.0731e-11, 3.83872e-12, 3.7076e-12, 3.96205e-12, 1.43731e-12, 2.54294e-12, 3.26183e-13, 8.61205e-13, 4.67333e-13, 6.21036e-13, 0, 0, 0, 0, 0, 0, 0, 0, 0, 0, 0, 0, 0, 0, 0, 0, 0, 0, 0, 0, 0, 0, 0, 0, 0, 0, 0, 0, 0
3.60825e-05, 3.65356e-05, 3.41666e-05, 3.16005e-05, 2.96177e-05, 2.67149e-05, 2.3542e-05, 2.05956e-05, 1.76765e-05, 1.50052e-05, 1.24721e-05, 1.00843e-05, 8.20779e-06, 6.4694e-06, 5.30654e-06, 4.26791e-06, 3.36553e-06, 2.64855e-06, 2.08295e-06, 1.61308e-06, 1.20277e-06, 9.4033e-07, 7.34889e-07, 5.57267e-07, 4.28246e-07, 3.26412e-07, 2.50235e-07, 1.8468e-07, 1.43867e-07, 1.08077e-07, 7.9129e-08, 6.1186e-08, 4.29818e-08, 3.47206e-08, 2.46114e-08, 1.9929e-08, 1.45349e-08, 1.04893e-08, 7.83061e-09, 5.59139e-09, 4.58849e-09, 3.59247e-09, 2.61852e-09, 2.19552e-09, 1.68868e-09, 1.32089e-09, 7.34364e-10, 6.08979e-10, 4.01914e-10, 3.04083e-10, 2.23896e-10, 1.67775e-10, 1.43941e-10, 1.04189e-10, 6.60591e-11, 5.34946e-11, 2.67657e-11, 2.9698e-11, 3.47667e-11, 1.35937e-11, 1.55493e-11, 7.96518e-12, 3.25347e-12, 1.98144e-12, 3.69153e-12, 8.08889e-12, 3.72063e-12, 9.93949e-13, 5.13181e-13, 1.09351e-12, 9.55446e-13, 7.19677e-14, 2.9447e-13, 2.8474e-13, 2.75383e-13, 9.84237e-13, 1.62547e-12, 0, 9.55419e-13, 5.75996e-13, 0, 0, 0, 0, 0, 0, 0, 0, 0, 0, 0, 0, 0, 0, 0, 0, 0, 0, 0, 0
2.54072e-05, 2.66154e-05, 2.53716e-05, 2.40173e-05, 2.11559e-05, 1.92735e-05, 1.73448e-05, 1.51685e-05, 1.29788e-05, 1.12456e-05, 9.64842e-06, 7.99837e-06, 6.40348e-06, 5.22473e-06, 4.25593e-06, 3.33008e-06, 2.67078e-06, 2.12509e-06, 1.64359e-06, 1.29711e-06, 9.78305e-07, 7.78699e-07, 5.86762e-07, 4.63874e-07, 3.57087e-07, 2.78515e-07, 2.09759e-07, 1.57922e-07, 1.23396e-07, 9.48767e-08, 7.22663e-08, 5.09161e-08, 3.72915e-08, 2.95571e-08, 2.30698e-08, 1.75108e-08, 1.34268e-08, 9.25709e-09, 7.14052e-09, 5.25738e-09, 3.95182e-09, 2.72399e-09, 2.43693e-09, 1.7368e-09, 1.48628e-09, 1.07962e-09, 6.62992e-10, 6.00043e-10, 4.01228e-10, 2.79256e-10, 1.62733e-10, 1.58309e-10, 1.20605e-10, 7.51049e-11, 6.69177e-11, 3.48355e-11, 2.96572e-11, 2.3938e-11, 1.2525e-11, 1.92883e-11, 1.45434e-11, 1.05531e-11, 3.14249e-12, 3.11209e-12, 4.20231e-12, 2.91408e-12, 2.84955e-12, 4.10165e-13, 8.93027e-13, 1.41284e-12, 1.8021e-13, 2.46367e-12, 1.49447e-13, 5.97014e-14, 4.84253e-13, 2.58547e-13, 9.56416e-13, 1.61645e-12, 1.93123e-13, 0, 0, 0, 0, 0, 0, 0, 0, 0, 0, 0, 0, 0, 0, 0, 0, 0, 0, 0, 0, 0
1.7355e-05, 1.81623e-05, 1.87389e-05, 1.70998e-05, 1.5141e-05, 1.41789e-05, 1.26281e-05, 1.09798e-05, 9.72867e-06, 8.3505e-06, 7.13375e-06, 6.00872e-06, 4.99854e-06, 4.02834e-06, 3.29954e-06, 2.67964e-06, 2.10303e-06, 1.69158e-06, 1.33331e-06, 1.05217e-06, 8.16952e-07, 6.39076e-07, 4.91587e-07, 3.85303e-07, 3.07058e-07, 2.19754e-07, 1.72514e-07, 1.40201e-07, 1.13871e-07, 8.05038e-08, 6.22801e-08, 4.63524e-08, 3.38692e-08, 2.53094e-08, 2.0326e-08, 1.41553e-08, 1.14783e-08, 8.05068e-09, 5.92797e-09, 4.28198e-09, 3.4375e-09, 2.66041e-09, 1.90733e-09, 1.69765e-09, 1.15857e-09, 9.69874e-10, 6.05532e-10, 5.07795e-10, 3.33814e-10, 2.38876e-10, 1.79498e-10, 1.38779e-10, 1.03556e-10, 7.16073e-11, 5.0445e-11, 3.98604e-11, 2.29705e-11, 1.78339e-11, 1.87696e-11, 1.55033e-11, 8.63276e-12, 1.0583e-11, 3.10244e-12, 2.90266e-12, 2.07235e-12, 2.14582e-12, 2.34996e-12, 1.61767e-12, 1.27582e-12, 0, 0, 0, 0, 2.39069e-13, 0, 1.92659e-13, 0, 7.17026e-13, 2.12962e-13, 1.65896e-13, 0, 0, 0, 0, 0, 0, 0, 0, 0, 0, 0, 0, 0, 0, 0, 0, 0, 0, 0, 0
1.25749e-05, 1.26905e-05, 1.23682e-05, 1.25624e-05, 1.08637e-05, 1.02239e-05, 9.35178e-06, 8.06411e-06, 7.27855e-06, 6.3522e-06, 5.20451e-06, 4.5692e-06, 3.80488e-06, 3.15444e-06, 2.54237e-06, 2.11058e-06, 1.68994e-06, 1.35256e-06, 1.10789e-06, 8.63241e-07, 6.53047e-07, 5.30885e-07, 4.21741e-07, 3.37972e-07, 2.53604e-07, 1.86949e-07, 1.46642e-07, 1.15749e-07, 9.17367e-08, 6.76532e-08, 5.2813e-08, 3.97378e-08, 3.01253e-08, 2.33362e-08, 1.61742e-08, 1.25164e-08, 1.03857e-08, 7.59242e-09, 5.31369e-09, 4.4331e-09, 3.18829e-09, 2.17936e-09, 1.7377e-09, 1.52671e-09, 9.93798e-10, 8.78654e-10, 5.46103e-10, 3.60385e-10, 3.49593e-10, 2.60483e-10, 1.47698e-10, 1.20837e-10, 8.68136e-11, 6.14051e-11, 5.85526e-11, 4.33773e-11, 2.12794e-11, 1.74044e-11, 1.47337e-11, 1.15023e-11, 5.59051e-12, 4.6155e-12, 6.07259e-12, 4.14433e-12, 1.25195e-12, 3.78603e-12, 4.20264e-13, 6.16781e-13, 1.13816e-13, 0, 0, 0, 3.00368e-14, 1.99344e-13, 1.32323e-13, 3.10587e-13, 2.74727e-13, 5.55044e-13, 3.22875e-14, 3.22002e-14, 0, 0, 0, 0, 0, 0, 0, 0, 0, 0, 0, 0, 0, 0, 0, 0, 0, 0, 0, 0
9.30507e-06, 9.06884e-06, 8.86284e-06, 8.84537e-06, 8.1803e-06, 7.32673e-06, 6.78145e-06, 6.00533e-06, 5.32623e-06, 4.77098e-06, 4.08147e-06, 3.36308e-06, 2.83905e-06, 2.36959e-06, 1.97405e-06, 1.66998e-06, 1.35827e-06, 1.09524e-06, 8.47427e-07, 6.84894e-07, 5.3578e-07, 4.26869e-07, 3.45872e-07, 2.71528e-07, 2.06492e-07, 1.55204e-07, 1.25361e-07, 9.69382e-08, 7.68938e-08, 5.57847e-08, 4.27668e-08, 3.2764e-08, 2.55335e-08, 1.96446e-08, 1.55442e-08, 1.03457e-08, 9.07444e-09, 6.89449e-09, 4.9663e-09, 3.93758e-09, 2.89301e-09, 2.01091e-09, 1.58718e-09, 1.2001e-09, 9.84005e-10, 7.65938e-10, 5.71674e-10, 3.74267e-10, 3.52466e-10, 2.27495e-10, 1.47995e-10, 1.08788e-10, 7.68154e-11, 6.99893e-11, 3.8011e-11, 3.85379e-11, 3.33237e-11, 1.41216e-11, 1.80322e-11, 7.84315e-12, 5.05687e-13, 4.82856e-12, 3.12541e-12, 2.20912e-12, 2.7627e-13, 1.93184e-12, 1.07917e-12, 9.5275e-13, 4.76375e-13, 3.29732e-13, 5.77245e-13, 1.28689e-13, 9.19246e-14, 0, 0, 0, 0, 3.87704e-13, 0, 0, 0, 0, 0, 0, 0, 0, 0, 0, 0, 0, 0, 0, 0, 0, 0, 0, 0, 0, 0, 0
7.19815e-06, 6.68862e-06, 6.4806e-06, 6.37531e-06, 6.06685e-06, 5.42649e-06, 5.06025e-06, 4.49666e-06, 4.04685e-06, 3.46703e-06, 2.92835e-06, 2.62896e-06, 2.21333e-06, 1.81247e-06, 1.59678e-06, 1.27344e-06, 1.04424e-06, 8.4779e-07, 6.60611e-07, 5.60641e-07, 4.40423e-07, 3.52552e-07, 2.59571e-07, 2.13375e-07, 1.75772e-07, 1.26864e-07, 1.0544e-07, 7.92989e-08, 6.0074e-08, 4.75292e-08, 3.761e-08, 2.76989e-08, 2.07546e-08, 1.76954e-08, 1.25151e-08, 9.98968e-09, 7.34675e-09, 6.11357e-09, 4.28366e-09, 3.37331e-09, 2.79401e-09, 1.98006e-09, 1.3962e-09, 1.00842e-09, 7.47182e-10, 5.99293e-10, 4.10492e-10, 3.27471e-10, 2.30253e-10, 1.61666e-10, 1.48484e-10, 1.11901e-10, 1.03384e-10, 5.72421e-11, 2.82174e-11, 2.53611e-11, 1.99022e-11, 1.63407e-11, 2.05061e-11, 1.26471e-11, 1.17055e-11, 7.76829e-12, 6.08115e-12, 8.11895e-12, 5.19711e-12, 1.5886e-12, 8.98344e-14, 8.50501e-14, 1.21184e-13, 1.3063e-13, 1.3268e-13, 0, 0, 0, 0, 0, 0, 0, 0, 0, 0, 0, 0, 0, 0, 0, 0, 0, 0, 0, 0, 0, 0, 0, 0, 0, 0, 0, 0, 0
5.28605e-06, 4.99329e-06, 4.71987e-06, 4.59558e-06, 4.33204e-06, 3.94062e-06, 3.5342e-06, 3.28708e-06, 2.97826e-06, 2.649e-06, 2.38412e-06, 1.9623e-06, 1.62959e-06, 1.42788e-06, 1.17622e-06, 1.00073e-06, 8.22517e-07, 6.73972e-07, 5.62716e-07, 4.51635e-07, 3.67303e-07, 2.8464e-07, 2.21743e-07, 1.80487e-07, 1.3724e-07, 1.1015e-07, 8.56231e-08, 6.37216e-08, 5.01692e-08, 3.97957e-08, 2.9374e-08, 2.36465e-08, 1.83392e-08, 1.52181e-08, 1.06167e-08, 8.56521e-09, 6.875e-09, 4.88835e-09, 3.91447e-09, 2.7063e-09, 2.11351e-09, 1.6664e-09, 1.16609e-09, 8.85821e-10, 6.96648e-10, 4.7738e-10, 3.3895e-10, 2.22176e-10, 1.96936e-10, 1.63066e-10, 1.20983e-10, 1.11969e-10, 7.6419e-11, 5.35495e-11, 4.02095e-11, 1.64803e-11, 3.29549e-11, 2.05231e-11, 1.27146e-11, 9.32951e-12, 1.16826e-11, 7.99352e-12, 8.66593e-12, 4.52009e-12, 3.2033e-12, 2.43234e-14, 0, 0, 3.95975e-14, 2.62586e-13, 9.06791e-14, 0, 0, 0, 0, 0, 0, 0, 0, 0, 0, 0, 0, 0, 0, 0, 0, 0, 0, 0, 0, 0, 0, 0, 0, 0, 0, 0, 0, 0
3.42547e-06, 3.35213e-06, 3.45161e-06, 3.14512e-06, 3.09257e-06, 2.987e-06, 2.6294e-06, 2.4639e-06, 2.19718e-06, 2.00578e-06, 1.76411e-06, 1.52952e-06, 1.29463e-06, 1.05195e-06, 9.16929e-07, 7.41565e-07, 6.43608e-07, 5.12776e-07, 4.36268e-07, 3.52236e-07, 2.90913e-07, 2.20571e-07, 1.83154e-07, 1.45063e-07, 1.1911e-07, 9.09652e-08, 7.1168e-08, 5.43099e-08, 4.47689e-08, 3.22569e-08, 2.57614e-08, 2.19082e-08, 1.5388e-08, 1.1578e-08, 7.68457e-09, 7.05563e-09, 5.73473e-09, 4.22415e-09, 3.44422e-09, 2.5949e-09, 2.21133e-09, 1.56655e-09, 1.11946e-09, 7.44365e-10, 6.17137e-10, 4.75233e-10, 3.27683e-10, 2.43116e-10, 2.14687e-10, 1.7675e-10, 1.12639e-10, 9.33383e-11, 9.01914e-11, 6.17117e-11, 4.20224e-11, 2.5437e-11, 2.12228e-11, 1.97825e-11, 1.4975e-11, 1.22187e-11, 9.3628e-12, 5.94556e-12, 4.29457e-12, 3.79109e-12, 1.55747e-12, 6.68817e-13, 1.0602e-13, 3.92129e-13, 7.41261e-13, 0, 1.39448e-13, 0, 0, 0, 0, 0, 0, 0, 0, 0, 0, 0, 0, 0, 0, 0, 0, 0, 0, 0, 0, 0, 0, 0, 0, 0, 0, 0, 0, 0
2.60425e-06, 2.49652e-06, 2.52061e-06, 2.33936e-06, 2.23708e-06, 2.22213e-06, 1.99324e-06, 1.78927e-06, 1.64789e-06, 1.48388e-06, 1.20922e-06, 1.14175e-06, 9.70725e-07, 8.00047e-07, 6.71742e-07, 5.694e-07, 5.00956e-07, 3.98178e-07, 3.13494e-07, 2.64072e-07, 2.21918e-07, 1.82459e-07, 1.45494e-07, 1.16977e-07, 9.86225e-08, 7.49061e-08, 5.87604e-08, 4.46e-08, 3.71882e-08, 2.90538e-08, 2.19e-08, 1.67176e-08, 1.39357e-08, 8.95529e-09, 6.61325e-09, 5.66694e-09, 4.89582e-09, 3.97754e-09, 2.61735e-09, 2.22149e-09, 1.62508e-09, 1.28712e-09, 1.05576e-09, 7.32981e-10, 6.78642e-10, 5.03859e-10, 3.56613e-10, 2.68291e-10, 1.64449e-10, 1.36847e-10, 9.89238e-11, 1.03125e-10, 5.30986e-11, 4.86793e-11, 4.14465e-11, 2.1988e-11, 1.40513e-11, 2.50114e-11, 1.42669e-11, 2.44991e-11, 7.95128e-12, 1.19933e-11, 1.02645e-11, 5.36116e-12, 1.92068e-12, 4.00031e-14, 8.20577e-13, 1.24637e-12, 3.4029e-13, 0, 3.7362e-13, 8.59222e-13, 0, 0, 0, 3.34598e-13, 0, 0, 0, 0, 0, 0, 0, 0, 0, 0, 0, 0, 0, 0, 0, 0, 0, 0, 0, 0, 0, 0, 0, 0
1.98577e-06, 1.85259e-06, 1.84504e-06, 1.72549e-06, 1.6389e-06, 1.57708e-06, 1.45955e-06, 1.30646e-06, 1.18235e-06, 9.95605e-07, 9.20726e-07, 8.45653e-07, 7.2235e-07, 6.25832e-07, 5.54596e-07, 4.41428e-07, 3.74019e-07, 3.22799e-07, 2.56457e-07, 2.2253e-07, 1.75522e-07, 1.47743e-07, 1.16133e-07, 9.72242e-08, 8.40616e-08, 6.77735e-08, 4.86794e-08, 3.6592e-08, 2.85471e-08, 2.55193e-08, 1.80373e-08, 1.51544e-08, 1.12059e-08, 7.5025e-09, 6.19372e-09, 4.92622e-09, 4.70056e-09, 3.62998e-09, 2.47832e-09, 2.15853e-09, 1.41166e-09, 1.08393e-09, 9.19257e-10, 7.19732e-10, 4.90457e-10, 3.82163e-10, 3.33849e-10, 2.57295e-10, 1.57321e-10, 1.17632e-10, 8.53494e-11, 8.02878e-11, 6.08451e-11, 3.89922e-11, 2.81385e-11, 2.3621e-11, 2.27382e-11, 1.52194e-11, 1.6127e-11, 7.45959e-12, 9.64706e-12, 8.49581e-12, 8.62194e-12, 1.48052e-12, 3.37995e-12, 3.07393e-12, 1.10024e-12, 2.96267e-13, 8.41476e-13, 3.72628e-13, 2.61521e-12, 1.6527e-12, 7.23005e-13, 0, 2.87191e-13, 4.63007e-13, 0, 0, 0, 0, 0, 0, 0, 0, 0, 0, 0, 0, 0, 0, 0, 0, 0, 0, 0, 0, 0, 0, 0, 0
1.23315e-06, 1.29518e-06, 1.24004e-06, 1.22607e-06, 1.1716e-06, 1.1711e-06, 1.05283e-06, 9.70019e-07, 8.90599e-07, 7.98061e-07, 6.77964e-07, 6.27621e-07, 5.29078e-07, 4.80042e-07, 4.18077e-07, 3.41024e-07, 2.78712e-07, 2.37306e-07, 1.95222e-07, 1.69821e-07, 1.37392e-07, 1.10863e-07, 8.79835e-08, 7.67741e-08, 6.86406e-08, 5.24217e-08, 3.80929e-08, 2.85846e-08, 2.4881e-08, 2.2102e-08, 1.57809e-08, 1.191e-08, 9.55103e-09, 6.48082e-09, 6.21503e-09, 4.63566e-09, 3.72148e-09, 2.82612e-09, 2.12987e-09, 1.45571e-09, 1.1466e-09, 7.72702e-10, 6.66472e-10, 6.78417e-10, 4.14676e-10, 2.67293e-10, 2.18655e-10, 2.75653e-10, 1.13429e-10, 1.02858e-10, 5.08074e-11, 4.63877e-11, 4.68771e-11, 4.15505e-11, 3.19876e-11, 1.93043e-11, 1.35731e-11, 1.43475e-11, 8.79306e-12, 9.03671e-12, 5.0014e-12, 3.02419e-12, 4.54583e-12, 4.6942e-12, 2.74206e-12, 1.97322e-12, 1.17614e-12, 6.13678e-12, 3.23335e-12, 2.99299e-12, 2.49899e-12, 9.59688e-13, 9.02837e-13, 4.92232e-13, 1.36512e-13, 0, 0, 0, 0, 0, 0, 0, 0, 0, 0, 0, 0, 0, 0, 0, 0, 0, 0, 0, 0, 0, 0, 0, 0, 0
1.02436e-06, 8.98457e-07, 8.99508e-07, 9.01068e-07, 9.05205e-07, 7.90654e-07, 7.70697e-07, 6.59097e-07, 6.31033e-07, 5.63338e-07, 4.97195e-07, 4.59178e-07, 3.90598e-07, 3.46617e-07, 3.04487e-07, 2.6492e-07, 2.10559e-07, 1.83922e-07, 1.52487e-07, 1.27026e-07, 1.07948e-07, 8.80376e-08, 6.89366e-08, 5.71748e-08, 4.76975e-08, 3.79967e-08, 3.04836e-08, 2.34733e-08, 2.11554e-08, 1.75343e-08, 1.32283e-08, 1.04637e-08, 8.35905e-09, 6.25513e-09, 5.42172e-09, 4.07861e-09, 2.92936e-09, 2.44157e-09, 2.03251e-09, 1.46544e-09, 9.87013e-10, 8.60562e-10, 6.47426e-10, 5.65417e-10, 4.02155e-10, 2.96944e-10, 2.45273e-10, 1.60114e-10, 1.3911e-10, 1.12271e-10, 7.89692e-11, 6.00336e-11, 4.09188e-11, 4.41284e-11, 2.01776e-11, 1.04874e-11, 7.38923e-12, 7.24811e-12, 4.96474e-12, 4.00451e-12, 1.43501e-12, 1.81531e-12, 1.46131e-12, 5.65048e-12, 4.36341e-12, 2.08641e-12, 9.07425e-13, 2.54269e-13, 5.4407e-14, 4.14955e-13, 2.19483e-12, 6.92021e-13, 2.51549e-13, 0, 0, 0, 0, 0, 0, 0, 0, 0, 0, 0, 0, 0, 0, 0, 0, 0, 0, 0, 0, 0, 0, 0, 0, 0, 0, 0
7.98556e-07, 7.33087e-07, 6.88367e-07, 6.59606e-07, 6.75103e-07, 6.09037e-07, 5.63992e-07, 5.34625e-07, 4.45851e-07, 4.14093e-07, 3.71952e-07, 3.3281e-07, 3.00597e-07, 2.62705e-07, 2.14473e-07, 2.01603e-07, 1.62806e-07, 1.4159e-07, 1.17597e-07, 9.45318e-08, 8.54571e-08, 7.56429e-08, 5.89201e-08, 4.56488e-08, 3.77092e-08, 3.2723e-08, 2.4661e-08, 1.91374e-08, 1.57169e-08, 1.41213e-08, 1.19628e-08, 7.98453e-09, 6.14831e-09, 5.53939e-09, 4.83422e-09, 3.26249e-09, 2.17185e-09, 1.88371e-09, 1.36318e-09, 1.25209e-09, 1.01995e-09, 7.09184e-10, 6.93318e-10, 7.99764e-10, 4.72339e-10, 3.36316e-10, 2.28163e-10, 1.88112e-10, 1.55582e-10, 7.60135e-11, 7.80746e-11, 3.94443e-11, 1.9589e-11, 2.92577e-11, 2.74558e-11, 1.43622e-11, 1.03576e-11, 4.85326e-12, 4.6071e-12, 4.46557e-12, 3.53837e-12, 3.30214e-12, 5.68781e-12, 1.62361e-12, 2.77248e-12, 5.10739e-13, 8.86142e-13, 4.07272e-13, 5.08013e-13, 1.85363e-13, 9.09767e-13, 2.57537e-12, 0, 0, 0, 0, 0, 0, 0, 0, 0, 0, 0, 0, 0, 0, 0, 0, 0, 0, 0, 0, 0, 0, 0, 0, 0, 0, 0, 0
5.71035e-07, 4.75099e-07, 4.60603e-07, 4.66272e-07, 4.58555e-07, 4.21992e-07, 4.14038e-07, 3.74433e-07, 3.18798e-07, 3.18715e-07, 2.69108e-07, 2.45844e-07, 2.16181e-07, 1.98506e-07, 1.75038e-07, 1.50418e-07, 1.27481e-07, 1.04142e-07, 9.19093e-08, 7.63102e-08, 6.9503e-08, 6.05869e-08, 4.51764e-08, 3.63311e-08, 2.93351e-08, 2.42434e-08, 1.96532e-08, 1.52908e-08, 1.29389e-08, 9.32304e-09, 8.27848e-09, 7.2895e-09, 5.85368e-09, 4.1658e-09, 3.72203e-09, 2.80842e-09, 2.1995e-09, 1.59137e-09, 1.21631e-09, 9.34262e-10, 6.65597e-10, 5.0777e-10, 6.47444e-10, 4.93826e-10, 3.37793e-10, 3.55305e-10, 1.89315e-10, 1.74726e-10, 1.25763e-10, 5.1172e-11, 3.66971e-11, 2.93314e-11, 2.26908e-11, 2.04752e-11, 2.07354e-11, 8.52963e-12, 9.06813e-12, 6.09826e-12, 6.55997e-12, 6.13968e-12, 2.4608e-12, 5.7711e-12, 2.72072e-12, 1.07404e-12, 1.12443e-12, 2.63414e-13, 3.61656e-13, 8.29074e-13, 6.63184e-13, 3.33596e-12, 1.08488e-12, 1.80982e-12, 1.2787e-13, 0, 0, 0, 0, 0, 0, 0, 0, 0, 0, 0, 0, 0, 0, 0, 0, 0, 0, 0, 0, 0, 0, 0, 0, 0, 0, 0
3.55941e-07, 3.81132e-07, 3.47792e-07, 3.41294e-07, 3.2245e-07, 3.19907e-07, 3.14322e-07, 2.70221e-07, 2.38506e-07, 2.098e-07, 2.18335e-07, 1.97188e-07, 1.69067e-07, 1.54433e-07, 1.24735e-07, 1.11694e-07, 8.99446e-08, 8.5848e-08, 7.07695e-08, 5.9279e-08, 4.86763e-08, 4.37061e-08, 3.60601e-08, 2.75923e-08, 2.43971e-08, 1.91264e-08, 1.58852e-08, 1.22653e-08, 1.02671e-08, 7.99394e-09, 6.96373e-09, 5.66113e-09, 4.71449e-09, 3.56441e-09, 2.72921e-09, 2.19662e-09, 1.77022e-09, 1.4493e-09, 1.12684e-09, 9.9715e-10, 6.66385e-10, 7.28084e-10, 4.9854e-10, 3.76429e-10, 2.31867e-10, 1.5418e-10, 1.51485e-10, 1.27769e-10, 9.48549e-11, 6.24775e-11, 4.59538e-11, 2.54606e-11, 2.33983e-11, 2.12956e-11, 1.77022e-11, 1.32087e-11, 5.19198e-12, 9.06079e-12, 4.66546e-12, 5.10186e-12, 3.73954e-12, 5.67787e-12, 1.1434e-12, 6.32024e-13, 2.26028e-13, 0, 0, 3.26388e-13, 1.12117e-13, 0, 0, 0, 1.75509e-14, 0, 0, 0, 0, 0, 0, 0, 0, 0, 0, 0, 0, 0, 0, 0, 0, 0, 0, 0, 0, 0, 0, 0, 0, 0, 0, 0
2.68608e-07, 2.62146e-07, 2.93863e-07, 2.57683e-07, 2.51044e-07, 2.38222e-07, 2.36856e-07, 2.10878e-07, 1.72586e-07, 1.49397e-07, 1.55335e-07, 1.35138e-07, 1.28389e-07, 1.22998e-07, 1.05539e-07, 8.4934e-08, 7.23096e-08, 6.76541e-08, 5.39914e-08, 4.40731e-08, 3.87014e-08, 3.15752e-08, 2.77154e-08, 2.25925e-08, 1.95815e-08, 1.59679e-08, 1.28319e-08, 1.02435e-08, 8.67088e-09, 6.29913e-09, 5.16474e-09, 4.64979e-09, 3.87643e-09, 3.53273e-09, 2.40727e-09, 1.82698e-09, 1.48219e-09, 1.10279e-09, 8.85923e-10, 7.3109e-10, 5.72331e-10, 4.4887e-10, 3.06113e-10, 3.01539e-10, 2.50711e-10, 1.35968e-10, 1.25767e-10, 9.53404e-11, 6.63498e-11, 6.93154e-11, 5.50814e-11, 3.94485e-11, 1.89347e-11, 1.53733e-11, 2.0498e-11, 8.73922e-12, 1.19653e-11, 5.36589e-12, 4.96245e-12, 1.57885e-12, 3.78736e-12, 2.70571e-12, 1.137e-12, 1.25032e-12, 0, 0, 0, 0, 0, 0, 0, 0, 0, 0, 0, 0, 0, 0, 0, 0, 0, 0, 0, 0, 0, 0, 0, 0, 0, 0, 0, 0, 0, 0, 0, 0, 0, 0, 0, 0
2.12589e-07, 2.3099e-07, 2.10342e-07, 1.76143e-07, 1.99524e-07, 1.74125e-07, 1.7021e-07, 1.55556e-07, 1.5295e-07, 1.29261e-07, 1.19269e-07, 1.04291e-07, 9.38689e-08, 8.33277e-08, 7.24774e-08, 6.0516e-08, 5.31593e-08, 4.63417e-08, 4.4335e-08, 3.76568e-08, 3.20945e-08, 2.65761e-08, 2.20796e-08, 1.86829e-08, 1.492e-08, 1.28256e-08, 1.10901e-08, 8.03529e-09, 6.30549e-09, 4.87621e-09, 3.92993e-09, 3.41233e-09, 2.8878e-09, 2.47702e-09, 1.87497e-09, 1.32544e-09, 9.56782e-10, 8.43167e-10, 7.24732e-10, 5.8523e-10, 4.269e-10, 3.64573e-10, 2.60112e-10, 2.05778e-10, 1.79893e-10, 1.39676e-10, 9.51373e-11, 6.97702e-11, 5.33917e-11, 5.73613e-11, 2.94806e-11, 3.03957e-11, 1.60256e-11, 1.90077e-11, 1.13859e-11, 6.6483e-12, 1.95906e-11, 1.13374e-11, 2.25722e-12, 2.90488e-12, 2.08946e-12, 3.13802e-12, 7.28125e-13, 0, 0, 0, 0, 0, 0, 0, 0, 0, 0, 0, 0, 0, 0, 0, 0, 0, 0, 0, 0, 0, 0, 0, 0, 0, 0, 0, 0, 0, 0, 0, 0, 0, 0, 0, 0, 0
1.75022e-07, 1.49913e-07, 1.56221e-07, 1.29605e-07, 1.3357e-07, 1.33926e-07, 1.09646e-07, 1.13352e-07, 9.81063e-08, 8.98239e-08, 8.85067e-08, 8.1873e-08, 7.17718e-08, 6.50889e-08, 5.31963e-08, 4.4385e-08, 3.87947e-08, 3.35417e-08, 3.12625e-08, 2.89366e-08, 2.2457e-08, 1.99683e-08, 1.83378e-08, 1.46867e-08, 1.19313e-08, 9.43929e-09, 7.71257e-09, 5.58238e-09, 4.74426e-09, 4.29003e-09, 3.03261e-09, 2.73584e-09, 2.16182e-09, 1.90226e-09, 1.2461e-09, 9.00983e-10, 8.58531e-10, 6.35494e-10, 4.70422e-10, 5.1462e-10, 3.4564e-10, 2.664e-10, 2.20063e-10, 1.65153e-10, 1.32093e-10, 1.16178e-10, 7.8896e-11, 4.46494e-11, 3.4708e-11, 4.13754e-11, 2.24941e-11, 2.44835e-11, 1.60077e-11, 1.5376e-11, 4.66935e-12, 2.31817e-12, 6.45395e-12, 5.87881e-12, 3.43043e-12, 2.60827e-12, 1.99586e-12, 2.24435e-12, 4.89533e-13, 0, 0, 0, 0, 0, 0, 0, 0, 0, 0, 0, 0, 0, 0, 0, 0, 0, 0, 0, 0, 0, 0, 0, 0, 0, 0, 0, 0, 0, 0, 0, 0, 0, 0, 0, 0, 0
1.0903e-07, 1.13977e-07, 1.0566e-07, 9.37078e-08, 9.24304e-08, 8.65641e-08, 9.29311e-08, 8.64575e-08, 7.8767e-08, 7.52297e-08, 6.5311e-08, 6.31635e-08, 5.29623e-08, 4.92274e-08, 4.02525e-08, 3.40374e-08, 3.00503e-08, 2.77615e-08, 2.38581e-08, 2.18704e-08, 1.80352e-08, 1.63784e-08, 1.43764e-08, 1.14522e-08, 9.911e-09, 7.5738e-09, 5.95227e-09, 5.11058e-09, 3.94303e-09, 2.93148e-09, 2.28495e-09, 2.27153e-09, 1.70055e-09, 1.56111e-09, 9.84308e-10, 7.28983e-10, 5.96486e-10, 5.23355e-10, 3.81623e-10, 3.57492e-10, 2.89338e-10, 1.83341e-10, 1.686e-10, 1.92802e-10, 1.19092e-10, 9.81198e-11, 5.61299e-11, 3.84885e-11, 3.40627e-11, 1.77142e-11, 3.27367e-11, 2.43187e-11, 1.71194e-11, 1.10465e-11, 6.15776e-12, 7.07793e-12, 5.73003e-12, 4.62159e-12, 4.29692e-12, 1.2505e-12, 7.2399e-13, 1.46056e-12, 3.97541e-13, 1.15075e-12, 0, 0, 0, 0, 0, 0, 0, 0, 0, 0, 0, 0, 0, 0, 0, 0, 0, 0, 0, 0, 0, 0, 0, 0, 0, 0, 0, 0, 0, 0, 0, 0, 0, 0, 0, 0
6.99009e-08, 6.89081e-08, 7.09649e-08, 6.99146e-08, 7.44201e-08, 7.09768e-08, 5.98837e-08, 6.65898e-08, 5.79578e-08, 5.55277e-08, 5.18989e-08, 4.52584e-08, 4.17179e-08, 3.34327e-08, 3.03775e-08, 2.62991e-08, 2.23903e-08, 2.0856e-08, 1.93877e-08, 1.69543e-08, 1.47264e-08, 1.22153e-08, 1.08811e-08, 9.18423e-09, 7.83872e-09, 6.9143e-09, 4.78088e-09, 4.52032e-09, 3.3795e-09, 2.50187e-09, 1.84404e-09, 1.52899e-09, 1.35227e-09, 1.06127e-09, 8.60794e-10, 5.72572e-10, 5.1808e-10, 4.42785e-10, 2.83211e-10, 2.60967e-10, 2.38391e-10, 1.54181e-10, 1.89095e-10, 1.32023e-10, 1.03941e-10, 7.31071e-11, 3.50473e-11, 3.39662e-11, 4.18744e-11, 2.53577e-11, 2.97551e-11, 1.80494e-11, 9.31694e-12, 7.89792e-12, 9.38999e-12, 4.87256e-12, 3.57266e-12, 5.23322e-12, 2.11365e-12, 1.48687e-12, 9.56924e-13, 1.52257e-12, 0, 2.20097e-12, 0, 0, 0, 0, 0, 0, 0, 0, 0, 0, 0, 0, 0, 0, 0, 0, 0, 0, 0, 0, 0, 0, 0, 0, 0, 0, 0, 0, 0, 0, 0, 0, 0, 0, 0, 0
5.56401e-08, 4.29012e-08, 5.46546e-08, 6.13316e-08, 5.09081e-08, 4.87559e-08, 4.64931e-08, 5.26703e-08, 4.96493e-08, 4.46569e-08, 3.58707e-08, 3.20745e-08, 2.87905e-08, 2.61636e-08, 2.049e-08, 1.76212e-08, 1.63706e-08, 1.55939e-08, 1.33528e-08, 1.32854e-08, 1.15888e-08, 9.53176e-09, 8.21397e-09, 7.77302e-09, 6.23836e-09, 5.98074e-09, 3.72355e-09, 3.5648e-09, 2.7261e-09, 2.23807e-09, 1.8202e-09, 1.62457e-09, 1.55879e-09, 1.00549e-09, 7.57957e-10, 5.51979e-10, 4.80195e-10, 3.92105e-10, 2.2209e-10, 1.86648e-10, 1.62056e-10, 1.97978e-10, 1.21497e-10, 1.01985e-10, 7.55215e-11, 5.04365e-11, 4.70267e-11, 3.72173e-11, 4.50055e-11, 3.15065e-11, 1.3762e-11, 8.59716e-12, 9.52374e-12, 1.3318e-11, 4.60047e-12, 3.05936e-12, 3.74169e-12, 3.23404e-12, 2.42992e-12, 2.11368e-12, 2.57168e-12, 2.15716e-12, 8.82788e-13, 7.04935e-13, 0, 5.44627e-13, 5.10402e-13, 0, 0, 5.96282e-13, 1.66176e-12, 0, 0, 0, 0, 0, 0, 0, 0, 0, 0, 0, 0, 0, 0, 0, 0, 0, 0, 0, 0, 0, 0, 0, 0, 0, 0, 0, 0, 0
4.51251e-08, 3.7879e-08, 4.05619e-08, 4.48997e-08, 3.56753e-08, 3.41007e-08, 4.0408e-08, 4.24815e-08, 3.2896e-08, 2.83565e-08, 3.08006e-08, 2.37813e-08, 2.28599e-08, 1.81139e-08, 1.59803e-08, 1.29651e-08, 1.25557e-08, 1.19238e-08, 9.89934e-09, 9.00302e-09, 8.03059e-09, 6.53429e-09, 6.27334e-09, 5.74151e-09, 4.90726e-09, 3.8867e-09, 3.30843e-09, 2.42949e-09, 2.61959e-09, 1.83053e-09, 1.71692e-09, 1.20619e-09, 1.09425e-09, 9.49428e-10, 6.09421e-10, 5.82803e-10, 3.68088e-10, 4.06421e-10, 2.2614e-10, 2.05174e-10, 1.54748e-10, 1.53044e-10, 8.56959e-11, 4.35111e-11, 8.17991e-11, 4.39076e-11, 4.04485e-11, 3.51007e-11, 1.7497e-11, 2.08616e-11, 1.65171e-11, 1.46061e-11, 8.32574e-12, 8.11885e-12, 6.13406e-12, 2.85102e-13, 2.58459e-12, 3.53366e-13, 8.63218e-13, 3.34233e-12, 8.88064e-13, 1.1562e-12, 5.59916e-13, 9.00461e-13, 1.91651e-12, 2.4998e-12, 4.35608e-12, 5.11992e-13, 3.70835e-14, 3.61414e-12, 0, 0, 0, 0, 0, 0, 0, 0, 0, 0, 0, 0, 0, 0, 0, 0, 0, 0, 0, 0, 0, 0, 0, 0, 0, 0, 0, 0, 0, 0
2.86057e-08, 2.63873e-08, 3.45559e-08, 3.2066e-08, 2.53686e-08, 2.83813e-08, 2.77441e-08, 2.82145e-08, 2.64697e-08, 2.47246e-08, 2.05933e-08, 1.85217e-08, 1.95375e-08, 1.54133e-08, 1.04577e-08, 1.01413e-08, 8.79393e-09, 8.55199e-09, 7.12392e-09, 7.39188e-09, 6.53932e-09, 5.58359e-09, 5.20013e-09, 3.97792e-09, 3.50368e-09, 3.1658e-09, 2.74196e-09, 2.10641e-09, 1.74202e-09, 1.50902e-09, 1.33937e-09, 1.01509e-09, 9.73524e-10, 5.93201e-10, 6.02059e-10, 4.10062e-10, 2.8745e-10, 2.54037e-10, 1.80093e-10, 1.32632e-10, 1.23287e-10, 9.56151e-11, 5.6402e-11, 5.36985e-11, 4.20666e-11, 3.65663e-11, 2.95307e-11, 1.37585e-11, 1.7603e-11, 1.06977e-11, 1.44283e-11, 8.75483e-12, 2.88955e-12, 6.615e-12, 3.16914e-12, 2.34758e-12, 2.55109e-12, 3.21871e-13, 7.84552e-13, 1.07918e-12, 1.77611e-13, 0, 0, 2.62162e-13, 0, 2.75904e-13, 1.91331e-13, 1.11347e-12, 1.50104e-12, 1.19955e-12, 0, 0, 0, 0, 0, 0, 0, 0, 0, 0, 0, 0, 0, 0, 0, 0, 0, 0, 0, 0, 0, 0, 0, 0, 0, 0, 0, 0, 0, 0
3.56708e-08, 1.98385e-08, 1.96819e-08, 2.61844e-08, 2.31758e-08, 2.25855e-08, 1.66509e-08, 1.83739e-08, 1.62443e-08, 1.45043e-08, 1.50667e-08, 1.40787e-08, 1.28256e-08, 9.85791e-09, 9.45471e-09, 8.7879e-09, 6.90215e-09, 5.99561e-09, 6.47493e-09, 5.63214e-09, 4.6765e-09, 4.23936e-09, 3.83754e-09, 3.48993e-09, 2.87809e-09, 1.9685e-09, 1.93298e-09, 2.03806e-09, 1.37396e-09, 1.14248e-09, 8.45139e-10, 6.71444e-10, 7.31466e-10, 6.77409e-10, 5.32458e-10, 3.85191e-10, 2.40514e-10, 2.46677e-10, 1.37997e-10, 1.501e-10, 1.08139e-10, 7.18045e-11, 6.484e-11, 3.6998e-11, 3.53533e-11, 2.51943e-11, 1.46156e-11, 1.63911e-11, 1.06561e-11, 1.06778e-11, 1.75123e-11, 1.29755e-11, 5.23584e-12, 4.26211e-12, 1.10515e-12, 1.03552e-12, 0, 0, 0, 8.78983e-13, 0, 0, 0, 0, 3.53691e-13, 1.79413e-13, 4.93471e-13, 1.66482e-13, 4.04465e-13, 4.23927e-13, 3.9212e-14, 7.50567e-14, 5.36144e-14, 1.72804e-14, 0, 0, 0, 0, 0, 0, 0, 0, 0, 0, 0, 0, 0, 0, 0, 0, 0, 0, 0, 0, 0, 0, 0, 0, 0, 0
1.15705e-08, 1.664e-08, 1.58613e-08, 1.77705e-08, 1.72034e-08, 1.52433e-08, 1.47442e-08, 1.34447e-08, 1.16714e-08, 9.73367e-09, 1.16615e-08, 1.04607e-08, 8.91811e-09, 7.27935e-09, 7.76797e-09, 6.82109e-09, 5.83828e-09, 5.37079e-09, 5.38381e-09, 4.3121e-09, 4.44648e-09, 3.3398e-09, 2.94265e-09, 2.39454e-09, 2.03008e-09, 1.51809e-09, 1.84415e-09, 1.25823e-09, 1.27615e-09, 7.70161e-10, 7.22353e-10, 4.70523e-10, 4.60134e-10, 3.29145e-10, 3.08922e-10, 2.36864e-10, 2.48292e-10, 1.87168e-10, 1.32662e-10, 7.51441e-11, 8.60637e-11, 4.39385e-11, 4.77086e-11, 3.41802e-11, 3.12873e-11, 2.93453e-11, 1.30131e-11, 1.42603e-11, 1.13825e-11, 8.79536e-12, 8.87282e-12, 6.10354e-12, 3.80766e-12, 5.24673e-12, 4.18013e-12, 7.11392e-13, 0, 0, 8.09467e-14, 1.25278e-12, 3.0557e-13, 3.22232e-13, 2.30356e-12, 7.54625e-13, 5.04829e-13, 0, 1.93575e-13, 5.31629e-13, 1.10904e-13, 1.07435e-12, 0, 0, 0, 0, 0, 0, 0, 0, 0, 0, 0, 0, 0, 0, 0, 0, 0, 0, 0, 0, 0, 0, 0, 0, 0, 0, 0, 0, 0, 0
1.43786e-08, 1.10214e-08, 1.68048e-08, 1.24125e-08, 1.26765e-08, 1.38226e-08, 1.02743e-08, 9.64564e-09, 8.14819e-09, 8.33179e-09, 7.98128e-09, 5.78848e-09, 6.55163e-09, 5.28306e-09, 6.19458e-09, 5.19636e-09, 4.2886e-09, 3.61177e-09, 3.40355e-09, 3.1066e-09, 3.18673e-09, 2.51218e-09, 2.0801e-09, 1.48737e-09, 1.72231e-09, 1.70781e-09, 1.20492e-09, 8.80574e-10, 8.62819e-10, 8.70975e-10, 5.98282e-10, 5.21791e-10, 2.90649e-10, 3.32463e-10, 2.77369e-10, 2.40644e-10, 2.33266e-10, 1.3235e-10, 9.36313e-11, 8.5847e-11, 7.55872e-11, 3.16963e-11, 2.94457e-11, 2.92886e-11, 2.59167e-11, 1.88817e-11, 1.63793e-11, 1.16819e-11, 9.17928e-12, 8.22238e-12, 7.04638e-12, 3.55614e-12, 2.0702e-12, 2.16764e-12, 1.2364e-12, 2.2834e-14, 0, 0, 6.93391e-13, 1.9401e-13, 0, 1.38069e-13, 1.75293e-12, 3.64002e-13, 8.96276e-13, 0, 2.49102e-13, 1.64817e-13, 0, 5.81139e-13, 1.33634e-12, 4.91427e-13, 0, 0, 0, 0, 0, 0, 0, 0, 0, 0, 0, 0, 0, 0, 0, 0, 0, 0, 0, 0, 0, 0, 0, 0, 0, 0, 0, 0
3.88094e-09, 9.42165e-09, 9.66541e-09, 8.59862e-09, 6.6882e-09, 8.92461e-09, 8.10172e-09, 7.91244e-09, 6.74365e-09, 6.53985e-09, 5.53427e-09, 5.28473e-09, 5.41188e-09, 4.68984e-09, 4.09131e-09, 4.26542e-09, 3.23674e-09, 2.74363e-09, 2.40438e-09, 2.49525e-09, 1.73899e-09, 2.07811e-09, 1.71779e-09, 1.25257e-09, 1.48086e-09, 9.59394e-10, 1.20842e-09, 7.76332e-10, 7.21153e-10, 6.53319e-10, 5.7594e-10, 4.01864e-10, 3.59139e-10, 2.82317e-10, 1.70951e-10, 1.94229e-10, 1.76036e-10, 1.44616e-10, 1.21704e-10, 7.32985e-11, 6.17339e-11, 2.97407e-11, 1.66609e-11, 1.62405e-11, 2.1712e-11, 1.52947e-11, 1.07912e-11, 1.15734e-11, 8.93148e-12, 9.93176e-12, 1.08595e-11, 1.74296e-12, 2.71978e-12, 3.96785e-12, 3.46978e-13, 2.29269e-14, 0, 3.24893e-14, 4.48e-13, 1.14629e-12, 1.76688e-13, 0, 1.9124e-12, 1.65526e-12, 1.58617e-12, 7.06823e-13, 6.06975e-13, 0, 0, 0, 0, 2.38475e-13, 0, 0, 0, 0, 0, 0, 0, 0, 0, 0, 0, 0, 0, 0, 0, 0, 0, 0, 0, 0, 0, 0, 0, 0, 0, 0, 0, 0
7.74105e-09, 5.41336e-09, 6.06368e-09, 5.28672e-09, 4.88698e-09, 6.22795e-09, 6.23952e-09, 5.34926e-09, 5.32699e-09, 5.20198e-09, 4.8547e-09, 4.06508e-09, 4.60399e-09, 3.24738e-09, 2.72777e-09, 2.43804e-09, 2.09246e-09, 2.35948e-09, 2.19928e-09, 1.56102e-09, 1.6177e-09, 1.31313e-09, 1.30139e-09, 8.24417e-10, 7.97536e-10, 9.71816e-10, 9.04576e-10, 6.97912e-10, 4.95542e-10, 6.11651e-10, 4.08705e-10, 3.92382e-10, 2.88301e-10, 1.78335e-10, 1.63479e-10, 1.21802e-10, 1.02297e-10, 1.34824e-10, 6.84676e-11, 6.85915e-11, 5.48917e-11, 3.04213e-11, 2.22238e-11, 1.25301e-11, 1.54876e-11, 1.60068e-11, 7.10673e-12, 1.04777e-11, 1.8729e-11, 5.9833e-12, 3.53287e-12, 6.85189e-12, 5.49241e-12, 1.72843e-12, 1.52807e-12, 6.91893e-14, 2.99327e-14, 2.78304e-13, 0, 8.54574e-13, 2.85361e-13, 0, 2.23693e-12, 7.8204e-13, 0, 0, 0, 0, 3.54246e-13, 7.50135e-14, 0, 9.07829e-13, 0, 0, 0, 0, 0, 0, 0, 0, 0, 0, 0, 0, 0, 0, 0, 0, 0, 0, 0, 0, 0, 0, 0, 0, 0, 0, 0, 0
7.47912e-09, 3.37063e-09, 3.85761e-09, 4.15424e-09, 4.34648e-09, 4.75574e-09, 3.77441e-09, 4.36561e-09, 4.15951e-09, 3.21519e-09, 3.39042e-09, 3.06888e-09, 3.67489e-09, 2.45832e-09, 1.9848e-09, 1.93561e-09, 1.76242e-09, 1.72108e-09, 1.45152e-09, 1.48779e-09, 1.26058e-09, 1.05947e-09, 1.14237e-09, 7.66939e-10, 6.16559e-10, 5.48672e-10, 4.65887e-10, 4.8452e-10, 3.1774e-10, 2.80251e-10, 3.77806e-10, 2.51644e-10, 2.42047e-10, 1.26191e-10, 1.03943e-10, 1.36939e-10, 8.00418e-11, 5.51059e-11, 6.08952e-11, 4.34126e-11, 6.06046e-11, 2.09744e-11, 1.57237e-11, 2.02302e-11, 9.04888e-12, 1.12408e-11, 1.33015e-11, 9.75051e-12, 8.76439e-12, 6.77134e-12, 8.20963e-13, 3.76748e-12, 4.78146e-12, 2.0228e-12, 1.61838e-12, 6.44546e-13, 3.62375e-13, 0, 0, 8.63975e-13, 7.62589e-13, 6.80485e-13, 1.14599e-12, 4.05422e-13, 0, 0, 0, 0, 1.26105e-13, 2.09103e-13, 3.10942e-13, 5.31772e-13, 0, 0, 0, 0, 0, 0, 0, 0, 0, 0, 0, 0, 0, 0, 0, 0, 0, 0, 0, 0, 0, 0, 0, 0, 0, 0, 0, 0
3.19216e-09, 5.52669e-09, 3.65706e-09, 2.4387e-09, 3.31604e-09, 3.01002e-09, 3.40411e-09, 2.52109e-09, 3.08046e-09, 2.74079e-09, 2.68934e-09, 2.01494e-09, 2.6602e-09, 1.92788e-09, 2.31981e-09, 1.56469e-09, 1.15745e-09, 1.24018e-09, 9.11292e-10, 1.03011e-09, 9.37318e-10, 6.53991e-10, 9.52813e-10, 5.46157e-10, 5.11419e-10, 4.86841e-10, 3.18009e-10, 3.64324e-10, 4.03734e-10, 2.53205e-10, 1.92835e-10, 1.57406e-10, 1.40086e-10, 1.30867e-10, 8.67363e-11, 9.48008e-11, 5.12195e-11, 6.0307e-11, 5.35286e-11, 2.91646e-11, 2.57015e-11, 1.8366e-11, 1.53953e-11, 8.45579e-12, 5.00951e-12, 4.90296e-12, 3.11939e-12, 5.31992e-12, 5.64755e-12, 3.07083e-12, 3.49691e-12, 2.47021e-12, 2.11873e-12, 4.05231e-13, 1.93389e-13, 2.32672e-12, 3.35542e-13, 0, 0, 7.17514e-13, 0, 0, 1.09149e-13, 0, 5.51058e-13, 0, 2.39752e-13, 9.28972e-13, 3.65719e-13, 7.68163e-13, 4.35804e-13, 0, 0, 0, 0, 0, 0, 0, 0, 0, 0, 0, 0, 0, 0, 0, 0, 0, 0, 0, 0, 0, 0, 0, 0, 0, 0, 0, 0, 0
1.65196e-09, 3.06307e-09, 2.65325e-09, 2.05756e-09, 1.87292e-09, 2.93631e-09, 2.26408e-09, 1.80482e-09, 1.75636e-09, 1.84234e-09, 1.42479e-09, 2.5543e-09, 1.51422e-09, 1.66639e-09, 1.26379e-09, 9.76417e-10, 7.86844e-10, 7.64291e-10, 7.59138e-10, 7.75172e-10, 6.79311e-10, 6.44275e-10, 6.48056e-10, 5.91043e-10, 5.04082e-10, 4.23867e-10, 3.41832e-10, 3.45442e-10, 3.20928e-10, 2.15035e-10, 1.51869e-10, 1.44713e-10, 1.49437e-10, 1.45802e-10, 8.50423e-11, 7.46288e-11, 4.79804e-11, 2.99897e-11, 4.16561e-11, 2.04694e-11, 2.81024e-11, 1.64491e-11, 2.56362e-12, 1.60348e-11, 1.1026e-11, 6.05956e-12, 3.9871e-12, 5.44028e-12, 1.99388e-12, 1.64992e-12, 0, 1.59934e-12, 7.47741e-13, 1.28775e-12, 2.91856e-13, 0, 8.6971e-13, 1.17165e-12, 1.11861e-12, 8.93078e-13, 0, 0, 1.95666e-12, 7.68074e-13, 1.16718e-12, 4.56386e-13, 1.55905e-13, 1.80102e-13, 1.88391e-13, 0, 4.60208e-14, 4.49278e-14, 0, 0, 0, 0, 0, 0, 0, 0, 0, 0, 0, 0, 0, 0, 0, 0, 0, 0, 0, 0, 0, 0, 0, 0, 0, 0, 0, 0
2.88902e-09, 3.85661e-09, 2.59815e-09, 1.99065e-09, 1.72743e-09, 1.14775e-09, 1.43463e-09, 1.35283e-09, 1.51584e-09, 2.01441e-09, 1.41159e-09, 1.4378e-09, 1.13745e-09, 1.16054e-09, 1.07741e-09, 9.59267e-10, 6.96003e-10, 6.77438e-10, 6.13531e-10, 4.98716e-10, 6.48978e-10, 6.83862e-10, 4.3076e-10, 3.51276e-10, 4.23219e-10, 2.92235e-10, 2.88923e-10, 2.70143e-10, 2.1271e-10, 1.52594e-10, 1.32011e-10, 1.59473e-10, 9.14557e-11, 1.08078e-10, 1.127e-10, 6.74207e-11, 4.89434e-11, 4.55474e-11, 2.58057e-11, 1.68169e-11, 1.79657e-11, 1.54797e-11, 6.22192e-12, 7.38118e-12, 8.20344e-12, 5.26185e-12, 6.61181e-12, 4.8373e-12, 2.47127e-12, 1.86075e-13, 3.83109e-13, 1.40548e-12, 2.14679e-12, 2.25413e-12, 3.63268e-13, 0, 2.10135e-13, 0, 0, 0, 0, 7.95797e-12, 3.54861e-12, 2.36029e-12, 1.57183e-12, 1.4414e-12, 0, 1.77715e-13, 3.34942e-13, 4.5966e-13, 1.88731e-13, 0, 0, 0, 0, 0, 0, 0, 0, 0, 0, 0, 0, 0, 0, 0, 0, 0, 0, 0, 0, 0, 0, 0, 0, 0, 0, 0, 0, 0
3.15896e-09, 1.73222e-09, 1.69584e-09, 1.44509e-09, 1.30245e-09, 1.01592e-09, 8.47968e-10, 9.06081e-10, 1.18223e-09, 1.40524e-09, 1.49951e-09, 7.96485e-10, 1.20752e-09, 7.78166e-10, 8.70122e-10, 7.08147e-10, 6.75382e-10, 5.83312e-10, 5.07431e-10, 3.36344e-10, 4.36533e-10, 4.19035e-10, 2.86515e-10, 2.89619e-10, 2.7278e-10, 2.33315e-10, 2.68511e-10, 2.7245e-10, 1.40871e-10, 1.78757e-10, 1.4477e-10, 1.11374e-10, 6.0056e-11, 5.54336e-11, 5.54102e-11, 5.13705e-11, 2.43295e-11, 1.8009e-11, 2.97959e-11, 1.52452e-11, 1.25479e-11, 1.02909e-11, 3.13927e-12, 4.04896e-12, 4.90258e-12, 1.86831e-12, 2.49231e-12, 2.98044e-13, 3.90258e-12, 2.70541e-12, 4.60928e-12, 3.54686e-12, 1.55218e-12, 5.53592e-13, 0, 0, 0, 0, 0, 0, 0, 3.271e-12, 4.13387e-12, 3.06175e-12, 6.87807e-13, 1.55503e-12, 2.94075e-12, 1.21458e-13, 0, 0, 0, 0, 0, 0, 0, 0, 0, 0, 0, 0, 0, 0, 0, 0, 0, 0, 0, 0, 0, 0, 0, 0, 0, 0, 0, 0, 0, 0, 0, 0
4.46185e-09, 1.62931e-09, 1.17175e-09, 1.02319e-09, 8.70562e-10, 7.33524e-10, 5.57873e-10, 6.48494e-10, 8.75144e-10, 7.6783e-10, 9.7803e-10, 9.95103e-10, 1.00961e-09, 1.08998e-09, 4.82616e-10, 4.43774e-10, 4.33348e-10, 4.85993e-10, 4.53534e-10, 3.81524e-10, 2.54726e-10, 2.23642e-10, 2.54412e-10, 1.63073e-10, 1.59185e-10, 1.93909e-10, 1.67504e-10, 1.44462e-10, 8.99946e-11, 8.88504e-11, 1.01803e-10, 5.83832e-11, 3.73661e-11, 4.55627e-11, 4.37469e-11, 3.67417e-11, 4.10199e-11, 3.39915e-11, 1.23287e-11, 2.23112e-11, 7.42424e-12, 1.47793e-11, 1.12219e-11, 1.29429e-11, 1.79437e-12, 1.45884e-13, 1.84117e-13, 1.56791e-12, 9.0061e-13, 2.2987e-12, 1.21219e-12, 2.00878e-12, 1.17462e-12, 0, 0, 0, 0, 0, 0, 0, 0, 4.16645e-12, 1.25781e-12, 2.47933e-13, 2.01894e-12, 2.00209e-12, 1.01698e-12, 0, 0, 0, 0, 0, 0, 0, 0, 0, 0, 0, 0, 0, 0, 0, 0, 0, 0, 0, 0, 0, 0, 0, 0, 0, 0, 0, 0, 0, 0, 0, 0, 0
9.18134e-10, 7.01388e-10, 7.22984e-10, 7.08337e-10, 5.73315e-10, 5.34627e-10, 4.41997e-10, 3.87167e-10, 7.47034e-10, 5.79147e-10, 1.02711e-09, 8.97884e-10, 5.4353e-10, 4.19277e-10, 3.84993e-10, 3.32787e-10, 4.28075e-10, 2.79022e-10, 2.57768e-10, 2.92215e-10, 2.41137e-10, 2.42397e-10, 2.09443e-10, 1.9772e-10, 1.55341e-10, 1.34405e-10, 1.38403e-10, 1.30398e-10, 8.81596e-11, 6.58244e-11, 6.47607e-11, 4.96974e-11, 3.23104e-11, 4.24366e-11, 3.23347e-11, 3.61089e-11, 3.18133e-11, 2.16179e-11, 4.1641e-11, 2.6228e-11, 1.94123e-11, 1.64812e-11, 1.49994e-11, 5.18142e-12, 1.53639e-12, 2.27104e-13, 0, 2.97875e-13, 2.09093e-12, 7.669e-13, 1.42191e-12, 1.68284e-12, 3.05235e-13, 0, 0, 0, 0, 0, 0, 0, 2.40578e-13, 2.82805e-14, 2.71719e-13, 1.39476e-13, 1.22906e-12, 8.6e-13, 5.19707e-13, 0, 0, 0, 0, 0, 0, 0, 0, 0, 0, 0, 0, 0, 0, 0, 0, 0, 0, 0, 0, 0, 0, 0, 0, 0, 0, 0, 0, 0, 0, 0, 0, 0
5.90716e-10, 5.20932e-10, 4.37559e-10, 5.65957e-10, 5.00618e-10, 4.5534e-10, 4.04905e-10, 3.88259e-10, 4.02422e-10, 4.66531e-10, 3.56045e-10, 4.02789e-10, 3.55745e-10, 2.98691e-10, 1.32048e-10, 2.49246e-10, 2.25449e-10, 1.93195e-10, 1.7791e-10, 1.48837e-10, 2.3008e-10, 2.0457e-10, 2.36315e-10, 1.78413e-10, 1.55425e-10, 1.01871e-10, 5.59969e-11, 1.28493e-10, 7.8281e-11, 5.0245e-11, 5.54941e-11, 3.63863e-11, 4.90487e-11, 1.48277e-11, 1.66474e-11, 2.06243e-11, 3.51854e-11, 2.3088e-11, 2.14382e-11, 2.42103e-11, 1.35679e-11, 8.12686e-12, 1.26092e-11, 7.06918e-12, 5.23478e-13, 6.50844e-13, 1.86388e-13, 1.55692e-12, 4.51412e-13, 6.53445e-13, 7.94106e-13, 6.15889e-13, 1.06352e-12, 5.2407e-13, 2.49503e-13, 0, 0, 0, 0, 0, 3.28945e-13, 0, 0, 1.22608e-12, 4.58934e-13, 0, 2.99637e-13, 0, 0, 0, 0, 0, 0, 0, 0, 0, 0, 0, 0, 0, 0, 0, 0, 0, 0, 0, 0, 0, 0, 0, 0, 0, 0, 0, 0, 0, 0, 0, 0, 0
4.61686e-10, 2.03503e-10, 4.19021e-10, 3.95751e-10, 4.17433e-10, 4.5712e-10, 3.14529e-10, 2.14643e-10, 1.82628e-10, 3.36608e-10, 3.33909e-10, 3.02421e-10, 2.24901e-10, 2.47232e-10, 1.62333e-10, 1.30687e-10, 1.65343e-10, 1.44465e-10, 1.41778e-10, 1.43786e-10, 1.24092e-10, 1.0836e-10, 1.57743e-10, 1.48061e-10, 1.2905e-10, 7.05465e-11, 3.45373e-11, 6.67706e-11, 1.18713e-10, 7.50625e-11, 5.19018e-11, 4.86973e-11, 2.85985e-11, 1.90102e-11, 1.35811e-11, 9.96584e-12, 1.45086e-11, 1.82727e-11, 7.173e-12, 1.21954e-11, 9.77591e-12, 1.21928e-11, 1.47556e-11, 2.0971e-12, 3.90048e-12, 5.24459e-12, 4.08235e-12, 5.91304e-13, 0, 0, 0, 0, 5.44953e-13, 1.20909e-13, 0, 0, 0, 0, 0, 0, 1.41021e-13, 0, 4.92737e-13, 4.36261e-13, 3.16266e-13, 0, 0, 0, 0, 0, 0, 0, 0, 0, 0, 0, 0, 0, 0, 0, 0, 0, 0, 0, 0, 0, 0, 0, 0, 0, 0, 0, 0, 0, 0, 0, 0, 0, 0, 0
2.05814e-11, 1.63573e-10, 3.452e-10, 4.90592e-10, 2.56972e-10, 2.60228e-10, 1.85133e-10, 1.42048e-10, 1.51833e-10, 1.62492e-10, 2.09867e-10, 2.54452e-10, 1.33462e-10, 1.87014e-10, 1.31006e-10, 4.94727e-11, 1.18798e-10, 9.35886e-11, 8.9507e-11, 1.26279e-10, 1.26844e-10, 1.167e-10, 8.79397e-11, 5.63813e-11, 7.62658e-11, 6.80943e-11, 4.48998e-11, 1.02852e-10, 1.17435e-10, 9.1896e-11, 4.85018e-11, 4.37591e-11, 2.46331e-11, 2.22765e-11, 1.54963e-11, 6.8368e-12, 2.417e-11, 2.1185e-11, 1.16781e-11, 1.03714e-11, 6.76113e-12, 1.07788e-11, 2.91445e-12, 1.32328e-12, 1.88033e-12, 8.75221e-14, 1.47398e-13, 1.57038e-12, 0, 0, 0, 0, 4.99609e-13, 3.46573e-13, 0, 0, 0, 0, 0, 0, 7.26432e-14, 0, 0, 0, 3.00857e-13, 0, 0, 0, 0, 0, 0, 0, 0, 0, 0, 0, 0, 0, 0, 0, 0, 0, 0, 0, 0, 0, 0, 0, 0, 0, 0, 0, 0, 0, 0, 0, 0, 0, 0, 0
1.99761e-11, 1.5564e-10, 3.77506e-10, 4.04794e-10, 3.56764e-10, 2.58232e-10, 1.41991e-10, 7.43734e-11, 8.87152e-11, 1.16e-10, 8.05552e-11, 8.18547e-11, 1.12484e-10, 3.41661e-10, 1.37384e-10, 5.71256e-11, 6.54211e-11, 6.48069e-11, 1.54889e-10, 1.36718e-10, 1.09122e-10, 8.09501e-11, 5.31211e-11, 6.74885e-11, 5.76035e-11, 4.89004e-11, 5.31862e-11, 7.21748e-11, 6.05021e-11, 7.77162e-11, 5.2894e-11, 2.97718e-11, 1.06643e-11, 1.59637e-11, 1.72405e-11, 1.66507e-11, 1.95577e-11, 9.91272e-12, 2.11794e-11, 1.56374e-11, 2.11255e-11, 1.08901e-11, 6.66134e-12, 1.06099e-12, 7.01016e-13, 0, 0, 1.20579e-12, 0, 0, 0, 0, 2.58826e-13, 5.57771e-14, 2.65743e-13, 1.50454e-13, 0, 0, 0, 0, 2.26808e-13, 1.16656e-13, 0, 0, 5.75429e-13, 0, 0, 0, 0, 0, 0, 0, 0, 0, 0, 0, 0, 0, 0, 0, 0, 0, 0, 0, 0, 0, 0, 0, 0, 0, 0, 0, 0, 0, 0, 0, 0, 0, 0, 0
5.0444e-11, 5.10063e-11, 1.15425e-10, 3.13535e-10, 3.16315e-10, 2.47333e-10, 1.72549e-10, 8.51873e-11, 8.59122e-11, 1.4647e-10, 7.81735e-11, 5.22271e-11, 9.38269e-11, 1.76888e-10, 1.07119e-10, 8.47315e-11, 4.52319e-11, 5.21413e-11, 1.45682e-10, 7.16972e-11, 6.83576e-11, 3.28767e-11, 2.51587e-11, 5.26417e-11, 5.39505e-11, 4.68291e-11, 2.61268e-11, 3.17732e-11, 5.27661e-11, 1.55559e-11, 2.06516e-11, 1.36188e-11, 1.20639e-11, 1.23733e-11, 2.09978e-11, 1.77788e-11, 8.74525e-12, 7.82401e-12, 3.31524e-12, 3.59553e-12, 3.79536e-12, 3.79778e-12, 1.86918e-12, 1.02904e-12, 0, 0, 0, 5.07273e-13, 2.05456e-12, 0, 0, 9.89222e-14, 1.49226e-13, 0, 0, 3.79929e-13, 0, 0, 0, 0, 0, 0, 3.65663e-13, 2.58479e-13, 5.01038e-13, 6.37508e-13, 0, 0, 0, 0, 0, 0, 0, 0, 0, 0, 0, 0, 0, 0, 0, 0, 0, 0, 0, 0, 0, 0, 0, 0, 0, 0, 0, 0, 0, 0, 0, 0, 0, 0
3.73446e-10, 1.62252e-10, 5.52326e-11, 1.00401e-10, 1.44329e-10, 1.67853e-10, 1.12927e-10, 1.6824e-10, 7.13963e-11, 7.67474e-11, 9.05984e-11, 2.92015e-11, 3.88014e-11, 9.50945e-11, 7.48132e-11, 5.30783e-11, 5.48509e-11, 5.00179e-11, 5.27443e-11, 4.96937e-11, 4.69522e-11, 3.89157e-11, 3.33543e-11, 4.17654e-11, 4.91655e-11, 6.07438e-11, 1.83047e-11, 1.1459e-11, 3.43369e-11, 2.27892e-11, 1.26047e-11, 1.90361e-11, 6.92204e-12, 2.94062e-12, 9.0476e-12, 3.22244e-12, 5.01853e-12, 4.47501e-12, 6.25736e-12, 1.84193e-12, 9.54285e-13, 3.24153e-12, 3.6412e-12, 9.13224e-13, 4.73998e-12, 0, 0, 1.20633e-13, 4.3276e-12, 1.57021e-12, 0, 0, 0, 0, 0, 0, 0, 0, 0, 0, 0, 0, 0, 0, 0, 7.83608e-13, 4.91719e-13, 0, 0, 0, 0, 0, 0, 0, 0, 0, 0, 0, 0, 0, 0, 0, 0, 0, 0, 0, 0, 0, 0, 0, 0, 0, 0, 0, 0, 0, 0, 0, 0, 0
0, 1.36137e-10, 1.23183e-10, 1.21444e-10, 1.39995e-10, 7.65234e-11, 7.89878e-11, 3.93399e-11, 3.80881e-11, 5.65135e-11, 1.36404e-10, 7.1575e-11, 9.38697e-11, 1.46732e-10, 3.76007e-11, 7.70015e-11, 5.27552e-11, 2.17996e-11, 2.46166e-11, 3.39301e-11, 4.26702e-11, 2.03723e-11, 3.42778e-11, 3.42413e-11, 3.53026e-11, 3.77534e-11, 1.75615e-11, 1.26652e-11, 2.50406e-11, 2.74789e-11, 1.16804e-11, 1.26698e-11, 5.73993e-12, 5.04555e-12, 1.41952e-11, 2.66706e-12, 4.81048e-12, 3.42134e-12, 3.18618e-12, 0, 2.4958e-12, 7.1333e-12, 1.2956e-12, 9.75848e-13, 7.07238e-13, 0, 0, 2.34183e-13, 1.8841e-12, 1.19089e-12, 3.4385e-12, 2.55204e-13, 0, 0, 0, 0, 0, 0, 0, 0, 0, 0, 0, 0, 0, 0, 6.6275e-13, 5.70042e-13, 0, 0, 0, 0, 0, 0, 0, 0, 0, 0, 0, 0, 0, 0, 0, 0, 0, 0, 0, 0, 0, 0, 0, 0, 0, 0, 0, 0, 0, 0, 0, 0
0, 5.50189e-11, 2.86041e-11, 4.23785e-11, 1.28034e-10, 1.1085e-10, 6.74833e-11, 6.75376e-11, 3.09547e-11, 2.83039e-11, 5.11605e-11, 2.89971e-11, 2.54946e-11, 6.74031e-11, 2.2153e-11, 1.75887e-11, 4.5147e-11, 3.19145e-11, 4.08575e-11, 2.89637e-11, 3.85353e-11, 2.64414e-11, 2.44874e-11, 5.01517e-11, 4.27468e-11, 2.46477e-11, 1.98261e-11, 2.78862e-11, 2.93373e-11, 1.84802e-11, 1.10407e-11, 1.4114e-11, 6.73165e-12, 9.00777e-12, 1.25353e-11, 3.27247e-12, 2.50524e-12, 4.0271e-12, 1.19393e-12, 8.45778e-13, 3.15346e-12, 3.87067e-13, 6.54175e-13, 1.39284e-12, 1.15107e-12, 1.43667e-12, 5.00431e-13, 1.30116e-12, 9.50188e-13, 0, 0, 9.95796e-13, 0, 0, 0, 0, 0, 0, 0, 0, 0, 0, 0, 0, 0, 0, 0, 3.146e-13, 8.49708e-13, 0, 0, 0, 0, 0, 0, 0, 0, 0, 0, 0, 0, 0, 0, 0, 0, 0, 0, 0, 0, 0, 0, 0, 0, 0, 0, 0, 0, 0, 0, 0
0, 2.61325e-11, 1.39716e-10, 3.12588e-11, 4.39379e-11, 3.41649e-11, 3.91063e-11, 1.4222e-11, 2.47038e-11, 3.37984e-11, 2.48027e-11, 2.35345e-11, 1.90541e-11, 1.25009e-11, 2.62496e-11, 4.12405e-11, 4.31123e-11, 2.62889e-11, 3.21384e-11, 3.66475e-11, 1.65571e-11, 3.11519e-11, 1.71174e-11, 2.15634e-11, 1.25739e-11, 5.9525e-12, 1.55128e-11, 1.10002e-11, 9.62437e-12, 1.25314e-11, 6.51004e-12, 5.05694e-12, 5.60164e-12, 1.47278e-11, 8.19101e-12, 2.22223e-11, 6.2569e-12, 1.9705e-12, 2.7048e-12, 3.48798e-12, 7.45455e-13, 0, 2.1866e-12, 5.90013e-13, 7.36214e-13, 4.6299e-13, 1.22744e-12, 2.8628e-13, 0, 0, 0, 0, 0, 0, 0, 0, 0, 0, 0, 0, 0, 0, 0, 0, 0, 0, 0, 0, 0, 0, 0, 0, 0, 0, 0, 0, 0, 0, 0, 0, 0, 0, 0, 0, 0, 0, 0, 0, 0, 0, 0, 0, 0, 0, 0, 0, 0, 0, 0, 0
0, 0, 1.52e-10, 5.32491e-11, 2.38198e-11, 1.10491e-10, 4.53016e-11, 5.61216e-11, 5.53862e-11, 2.59447e-11, 1.08254e-11, 1.46752e-11, 2.87312e-11, 1.18118e-11, 2.28447e-11, 3.0091e-11, 4.34556e-11, 1.79184e-11, 1.47419e-11, 1.66383e-11, 1.71127e-11, 2.61505e-11, 1.45834e-11, 9.90784e-12, 5.22375e-12, 1.14423e-11, 6.28816e-12, 1.58622e-11, 5.59741e-12, 7.35863e-12, 1.14519e-11, 7.34992e-12, 8.63989e-12, 7.6535e-12, 9.57329e-12, 1.48694e-11, 2.69438e-12, 1.4932e-12, 1.62071e-12, 4.47916e-12, 9.44906e-14, 1.39727e-12, 1.50252e-12, 1.72075e-12, 9.96103e-13, 0, 0, 3.36228e-13, 0, 0, 0, 0, 0, 0, 0, 0, 0, 0, 0, 0, 0, 0, 0, 0, 0, 0, 0, 0, 0, 0, 0, 0, 0, 0, 0, 0, 0, 0, 0, 0, 0, 0, 0, 0, 0, 0, 0, 0, 0, 0, 0, 0, 0, 0, 0, 0, 0, 0, 0, 0
0, 2.31045e-11, 7.78282e-11, 8.17566e-11, 3.29437e-11, 7.46039e-11, 1.88984e-11, 1.75089e-11, 4.15604e-11, 2.66498e-11, 3.05547e-11, 2.01218e-11, 5.79951e-12, 2.15371e-11, 1.55808e-11, 2.31931e-11, 2.39049e-11, 2.40681e-11, 2.11502e-11, 1.07602e-11, 7.98077e-12, 1.34984e-11, 9.85981e-12, 7.14041e-12, 5.97231e-12, 4.13034e-12, 1.69721e-12, 1.02827e-12, 5.08175e-12, 4.88791e-12, 9.48841e-12, 5.11772e-12, 9.2458e-12, 7.41836e-12, 2.45913e-12, 5.34055e-12, 3.31547e-13, 2.19323e-12, 1.27298e-12, 1.89105e-12, 2.11931e-12, 6.95167e-13, 1.51984e-12, 1.15646e-12, 4.7443e-13, 1.16146e-12, 0, 4.80698e-13, 0, 0, 0, 0, 0, 0, 0, 0, 0, 0, 0, 0, 0, 0, 0, 0, 0, 0, 0, 0, 0, 0, 0, 0, 0, 0, 0, 0, 0, 0, 0, 0, 0, 0, 0, 0, 0, 0, 0, 0, 0, 0, 0, 0, 0, 0, 0, 0, 0, 0, 0, 0
1.58254e-11, 2.80375e-11, 3.64483e-11, 3.61834e-11, 4.07697e-11, 2.5674e-11, 4.75899e-11, 2.2892e-11, 8.65274e-12, 4.57088e-11, 2.55075e-11, 2.84391e-11, 5.65704e-12, 1.81298e-11, 7.44644e-12, 7.42804e-12, 1.88483e-11, 9.77687e-12, 3.23817e-12, 5.68636e-12, 6.51393e-12, 3.68219e-12, 2.52217e-12, 3.28138e-13, 0, 1.98291e-13, 2.05327e-12, 4.95373e-12, 7.9019e-12, 6.19557e-12, 1.04537e-12, 7.31493e-13, 1.98793e-12, 9.538e-13, 8.2316e-12, 1.64289e-12, 1.74438e-13, 4.38728e-12, 1.67387e-12, 1.66098e-12, 2.61137e-13, 1.85813e-13, 0, 5.40293e-13, 9.30531e-13, 8.32743e-14, 0, 0, 4.43829e-13, 7.47598e-13, 0, 0, 0, 0, 0, 0, 0, 0, 0, 0, 0, 0, 0, 0, 0, 0, 0, 0, 0, 0, 0, 0, 0, 0, 0, 0, 0, 0, 0, 0, 0, 0, 0, 0, 0, 0, 0, 0, 0, 0, 0, 0, 0, 0, 0, 0, 0, 0, 0, 0
1.536e-11, 2.68545e-11, 1.70199e-11, 1.85633e-11, 3.18938e-11, 1.96314e-11, 1.89541e-11, 1.31907e-11, 3.01085e-12, 1.62142e-11, 9.01952e-12, 1.4327e-11, 6.53305e-12, 6.13364e-13, 1.42398e-11, 7.74554e-12, 2.62535e-11, 6.07161e-12, 3.36136e-12, 1.05451e-11, 5.59095e-12, 8.66112e-12, 7.66918e-12, 0, 0, 2.00273e-13, 7.90329e-13, 2.32195e-12, 7.06706e-12, 4.6207e-12, 1.12873e-11, 5.8212e-12, 4.00581e-12, 5.94407e-13, 2.84255e-12, 1.22217e-12, 9.24689e-13, 0, 1.07822e-12, 8.4433e-13, 1.3253e-13, 0, 0, 0, 3.22464e-13, 1.472e-12, 4.76945e-13, 2.52559e-13, 6.03149e-14, 5.81702e-13, 2.89863e-13, 0, 0, 0, 0, 0, 0, 0, 0, 0, 0, 0, 0, 0, 0, 0, 0, 0, 0, 0, 0, 0, 0, 0, 0, 0, 0, 0, 0, 0, 0, 0, 0, 0, 0, 0, 0, 0, 0, 0, 0, 0, 0, 0, 0, 0, 0, 0, 0, 0
0, 3.50908e-11, 0, 1.96648e-11, 2.1972e-11, 4.42985e-11, 2.28356e-11, 1.14672e-11, 6.069e-12, 5.7737e-12, 0, 4.21952e-12, 1.97487e-11, 1.19071e-12, 1.00458e-11, 9.79384e-12, 2.34283e-12, 5.4195e-12, 1.67465e-12, 3.41221e-12, 1.34098e-12, 2.48213e-12, 1.44093e-12, 0, 0, 0, 1.67823e-12, 2.00291e-12, 3.54258e-12, 5.55465e-12, 2.67277e-12, 1.53239e-11, 5.12288e-12, 4.60199e-12, 7.1109e-12, 1.66069e-12, 8.11297e-13, 1.39062e-12, 3.22111e-13, 0, 0, 0, 0, 0, 0, 0, 8.75152e-13, 9.36967e-13, 2.90092e-12, 7.25604e-13, 9.70686e-13, 0, 0, 0, 0, 0, 0, 0, 0, 0, 0, 0, 0, 0, 0, 0, 0, 0, 0, 0, 0, 0, 0, 0, 0, 0, 0, 0, 0, 0, 0, 0, 0, 0, 0, 0, 0, 0, 0, 0, 0, 0, 0, 0, 0, 0, 0, 0, 0, 0
0, 3.17092e-11, 7.24213e-12, 6.14499e-12, 0, 2.82741e-11, 0, 9.006e-12, 1.94179e-11, 1.61906e-11, 5.58746e-12, 3.596e-12, 1.10547e-11, 6.739e-12, 0, 1.88266e-11, 2.62991e-11, 0, 4.46691e-12, 2.09539e-12, 0, 0, 4.95415e-12, 5.24918e-12, 2.11265e-12, 2.30615e-12, 7.97994e-13, 1.32638e-12, 0, 0, 4.40171e-12, 1.57105e-11, 1.71808e-12, 3.75908e-12, 1.62092e-12, 4.76776e-13, 0, 0, 0, 0, 0, 0, 0, 0, 0, 0, 0, 0, 5.9823e-13, 0, 0, 0, 0, 0, 0, 0, 0, 0, 0, 0, 0, 0, 0, 0, 0, 0, 0, 0, 0, 0, 0, 0, 0, 0, 0, 0, 0, 0, 0, 0, 0, 0, 0, 0, 0, 0, 0, 0, 0, 0, 0, 0, 0, 0, 0, 0, 0, 0, 0, 0
0, 1.50305e-11, 9.63281e-12, 8.10967e-12, 1.37334e-12, 2.39972e-11, 1.90858e-11, 3.6004e-11, 5.21954e-12, 1.52468e-11, 2.43802e-13, 1.89785e-11, 2.11068e-11, 8.72851e-12, 9.34811e-12, 1.33157e-11, 3.51585e-12, 3.89464e-12, 8.39838e-12, 0, 0, 0, 0, 0, 0, 0, 2.40293e-12, 1.18888e-12, 6.82602e-13, 0, 0, 1.08004e-12, 4.79672e-12, 8.00976e-12, 4.49801e-12, 8.30351e-13, 0, 0, 0, 0, 0, 0, 0, 0, 0, 0, 0, 0, 0, 0, 0, 0, 0, 0, 0, 0, 0, 0, 0, 0, 0, 0, 0, 0, 0, 0, 0, 0, 0, 0, 0, 0, 0, 0, 0, 0, 0, 0, 0, 0, 0, 0, 0, 0, 0, 0, 0, 0, 0, 0, 0, 0, 0, 0, 0, 0, 0, 0, 0, 0
0, 0, 1.43609e-11, 2.23158e-12, 9.63862e-12, 4.67356e-12, 1.70221e-11, 7.85378e-12, 0, 3.45588e-12, 3.01835e-11, 1.69644e-11, 9.46207e-12, 6.5387e-12, 4.19707e-12, 5.78028e-13, 6.08912e-13, 1.2748e-12, 5.62276e-12, 0, 2.58602e-13, 0, 0, 0, 0, 0, 2.54888e-12, 2.98218e-12, 0, 0, 0, 0, 3.35278e-13, 5.37397e-12, 1.24312e-12, 3.96951e-13, 3.74721e-13, 0, 0, 0, 0, 0, 0, 0, 0, 0, 0, 0, 0, 0, 0, 0, 0, 0, 0, 0, 0, 0, 0, 0, 0, 0, 0, 0, 0, 0, 0, 0, 0, 0, 0, 0, 0, 0, 0, 0, 0, 0, 0, 0, 0, 0, 0, 0, 0, 0, 0, 0, 0, 0, 0, 0, 0, 0, 0, 0, 0, 0, 0, 0
0, 0, 0, 4.0642e-11, 1.23865e-11, 3.17287e-11, 2.64946e-12, 8.53932e-13, 2.35515e-12, 1.9942e-13, 2.95132e-12, 3.71128e-12, 0, 3.25057e-12, 5.85517e-12, 7.23438e-12, 3.9596e-13, 1.16563e-12, 1.81629e-12, 5.99503e-12, 7.8641e-13, 0, 0, 0, 0, 0, 0, 1.87891e-12, 0, 0, 0, 0, 0, 2.26418e-13, 1.11579e-13, 0, 1.82011e-12, 3.01901e-13, 0, 0, 0, 0, 0, 0, 0, 0, 0, 0, 0, 0, 0, 0, 0, 0, 0, 0, 0, 0, 0, 0, 0, 0, 0, 0, 0, 0, 0, 0, 0, 0, 0, 0, 0, 0, 0, 0, 0, 0, 0, 0, 0, 0, 0, 0, 0, 0, 0, 0, 0, 0, 0, 0, 0, 0, 0, 0, 0, 0, 0, 0
0, 0, 2.32488e-12, 5.0822e-12, 0, 8.50498e-12, 2.30493e-12, 0, 0, 3.05936e-12, 2.06412e-12, 8.55753e-13, 0, 0, 3.49353e-12, 1.44858e-12, 0, 0, 0, 0, 0, 0, 0, 0, 0, 0, 0, 0, 0, 0, 0, 0, 0, 1.1153e-13, 0, 0, 0, 6.70356e-13, 0, 0, 0, 0, 0, 0, 0, 0, 0, 0, 0, 0, 0, 0, 0, 0, 0, 0, 0, 0, 0, 0, 0, 0, 0, 0, 0, 0, 0, 0, 0, 0, 0, 0, 0, 0, 0, 0, 0, 0, 0, 0, 0, 0, 0, 0, 0, 0, 0, 0, 0, 0, 0, 0, 0, 0, 0, 0, 0, 0, 0, 0
0, 1.71657e-11, 2.56245e-11, 5.3067e-12, 0, 0, 3.37253e-12, 5.59036e-12, 6.13509e-12, 3.21542e-12, 0, 0, 0, 1.83032e-12, 0, 0, 0, 0, 0, 0, 0, 0, 0, 0, 0, 0, 0, 0, 0, 0, 0, 0, 0, 4.80084e-13, 0, 0, 0, 4.51031e-13, 0, 0, 0, 0, 0, 0, 0, 0, 0, 0, 0, 0, 0, 0, 0, 0, 0, 0, 0, 0, 0, 0, 0, 0, 0, 0, 0, 0, 0, 0, 0, 0, 0, 0, 0, 0, 0, 0, 0, 0, 0, 0, 0, 0, 0, 0, 0, 0, 0, 0, 0, 0, 0, 0, 0, 0, 0, 0, 0, 0, 0, 0
0, 5.11164e-11, 1.28199e-11, 1.43676e-11, 5.44406e-12, 0, 0, 0, 0, 0, 5.42804e-11, 1.85251e-11, 2.36448e-11, 0, 0, 0, 0, 0, 0, 0, 0, 0, 0, 0, 0, 0, 0, 0, 0, 0, 0, 0, 0, 1.06187e-12, 4.90251e-13, 0, 0, 6.76561e-13, 0, 0, 0, 0, 0, 0, 0, 0, 0, 0, 0, 0, 0, 0, 0, 0, 0, 0, 0, 0, 0, 0, 0, 0, 0, 0, 0, 0, 0, 0, 0, 0, 0, 0, 0, 0, 0, 0, 0, 0, 0, 0, 0, 0, 0, 0, 0, 0, 0, 0, 0, 0, 0, 0, 0, 0, 0, 0, 0, 0, 0, 0
0, 0, 0, 7.64199e-13, 7.148e-12, 0, 0, 0, 0, 0, 2.75165e-12, 0, 0, 0, 0, 0, 0, 0, 0, 0, 0, 0, 0, 0, 0, 0, 0, 0, 0, 0, 0, 0, 0, 0, 1.49567e-12, 0, 0, 4.73226e-13, 1.4763e-13, 0, 0, 0, 0, 0, 0, 0, 0, 0, 0, 0, 0, 0, 0, 0, 0, 0, 0, 0, 0, 0, 0, 0, 0, 0, 0, 0, 0, 0, 0, 0, 0, 0, 0, 0, 0, 0, 0, 0, 0, 0, 0, 0, 0, 0, 0, 0, 0, 0, 0, 0, 0, 0, 0, 0, 0, 0, 0, 0, 0, 0
0, 0, 0, 0, 0, 0, 0, 0, 0, 2.89369e-12, 4.02615e-12, 0, 0, 0, 0, 0, 0, 0, 0, 0, 0, 0, 0, 0, 0, 0, 0, 0, 0, 0, 0, 0, 0, 0, 0, 0, 0, 0, 3.56474e-13, 0, 0, 0, 0, 0, 0, 0, 0, 0, 0, 0, 0, 0, 0, 0, 0, 0, 0, 0, 0, 0, 0, 0, 0, 0, 0, 0, 0, 0, 0, 0, 0, 0, 0, 0, 0, 0, 0, 0, 0, 0, 0, 0, 0, 0, 0, 0, 0, 0, 0, 0, 0, 0, 0, 0, 0, 0, 0, 0, 0, 0
0, 0, 0, 0, 0, 0, 0, 0, 0, 5.61745e-12, 0, 0, 0, 0, 0, 0, 0, 0, 0, 0, 0, 0, 0, 0, 0, 0, 0, 0, 0, 0, 0, 0, 0, 0, 0, 0, 0, 0, 2.05525e-13, 1.94431e-13, 0, 0, 0, 0, 0, 0, 0, 0, 0, 0, 0, 0, 0, 0, 0, 0, 0, 0, 0, 0, 0, 0, 0, 0, 0, 0, 0, 0, 0, 0, 0, 0, 0, 0, 0, 0, 0, 0, 0, 0, 0, 0, 0, 0, 0, 0, 0, 0, 0, 0, 0, 0, 0, 0, 0, 0, 0, 0, 0, 0
0, 0, 0, 0, 0, 0, 0, 0, 0, 2.72599e-12, 7.11134e-12, 0, 4.48389e-12, 8.4383e-12, 4.56988e-12, 5.86775e-13, 0, 0, 0, 0, 0, 0, 0, 0, 0, 0, 0, 0, 0, 0, 0, 0, 0, 0, 0, 0, 0, 0, 0, 0, 0, 0, 0, 0, 0, 0, 0, 0, 0, 0, 0, 0, 0, 0, 0, 0, 0, 0, 0, 0, 0, 0, 0, 0, 0, 0, 0, 0, 0, 0, 0, 0, 0, 0, 0, 0, 0, 0, 0, 0, 0, 0, 0, 0, 0, 0, 0, 0, 0, 0, 0, 0, 0, 0, 0, 0, 0, 0, 0, 0
0, 0, 0, 0, 0, 0, 0, 0, 0, 0, 0, 5.12241e-12, 0, 0, 0, 1.7257e-12, 0, 0, 0, 0, 0, 0, 0, 0, 0, 0, 0, 0, 0, 0, 0, 0, 0, 0, 0, 0, 0, 0, 0, 0, 0, 0, 0, 0, 0, 0, 0, 0, 0, 0, 0, 0, 0, 0, 0, 0, 0, 0, 0, 0, 0, 0, 0, 0, 0, 0, 0, 0, 0, 0, 0, 0, 0, 0, 0, 0, 0, 0, 0, 0, 0, 0, 0, 0, 0, 0, 0, 0, 0, 0, 0, 0, 0, 0, 0, 0, 0, 0, 0, 0
0, 0, 0, 0, 0, 0, 0, 0, 0, 0, 0, 0, 0, 0, 0, 1.67494e-12, 1.52716e-12, 0, 0, 0, 0, 0, 0, 0, 0, 0, 0, 0, 0, 0, 0, 0, 0, 0, 0, 0, 0, 0, 0, 0, 0, 0, 0, 0, 0, 0, 0, 0, 0, 0, 0, 0, 0, 0, 0, 0, 0, 0, 0, 0, 0, 0, 0, 0, 0, 0, 0, 0, 0, 0, 0, 0, 0, 0, 0, 0, 0, 0, 0, 0, 0, 0, 0, 0, 0, 0, 0, 0, 0, 0, 0, 0, 0, 0, 0, 0, 0, 0, 0, 0
0, 0, 0, 0, 0, 0, 0, 0, 0, 0, 0, 0, 0, 0, 0, 0, 3.85641e-12, 3.35783e-12, 3.22038e-12, 0, 0, 0, 0, 0, 0, 0, 0, 0, 0, 0, 0, 0, 0, 0, 0, 0, 0, 0, 0, 0, 0, 0, 0, 0, 0, 0, 0, 0, 0, 0, 0, 0, 0, 0, 0, 0, 0, 0, 0, 0, 0, 0, 0, 0, 0, 0, 0, 0, 0, 0, 0, 0, 0, 0, 0, 0, 0, 0, 0, 0, 0, 0, 0, 0, 0, 0, 0, 0, 0, 0, 0, 0, 0, 0, 0, 0, 0, 0, 0, 0
0, 0, 0, 0, 0, 0, 0, 0, 0, 0, 0, 0, 0, 0, 0, 0, 0, 0, 3.06592e-12, 0, 0, 0, 0, 0, 0, 0, 0, 0, 0, 0, 0, 0, 0, 0, 0, 0, 0, 0, 0, 0, 0, 0, 0, 0, 0, 0, 0, 0, 0, 0, 0, 0, 0, 0, 0, 0, 0, 0, 0, 0, 0, 0, 0, 0, 0, 0, 0, 0, 0, 0, 0, 0, 0, 0, 0, 0, 0, 0, 0, 0, 0, 0, 0, 0, 0, 0, 0, 0, 0, 0, 0, 0, 0, 0, 0, 0, 0, 0, 0, 0
0, 0, 0, 0, 0, 0, 0, 0, 0, 0, 0, 0, 0, 0, 0, 0, 0, 0, 2.45227e-12, 0, 0, 0, 0, 0, 0, 0, 0, 0, 0, 0, 0, 0, 0, 0, 0, 0, 0, 0, 0, 0, 0, 0, 0, 0, 0, 0, 0, 0, 0, 0, 0, 0, 0, 0, 0, 0, 0, 0, 0, 0, 0, 0, 0, 0, 0, 0, 0, 0, 0, 0, 0, 0, 0, 0, 0, 0, 0, 0, 0, 0, 0, 0, 0, 0, 0, 0, 0, 0, 0, 0, 0, 0, 0, 0, 0, 0, 0, 0, 0, 0
0, 0, 0, 0, 0, 0, 0, 0, 0, 0, 0, 0, 0, 0, 0, 0, 0, 5.98362e-13, 8.70431e-13, 0, 0, 0, 0, 0, 0, 0, 0, 0, 0, 0, 0, 0, 0, 0, 0, 0, 0, 0, 0, 0, 0, 0, 0, 0, 0, 0, 0, 0, 0, 0, 0, 0, 0, 0, 0, 0, 0, 0, 0, 0, 0, 0, 0, 0, 0, 0, 0, 0, 0, 0, 0, 0, 0, 0, 0, 0, 0, 0, 0, 0, 0, 0, 0, 0, 0, 0, 0, 0, 0, 0, 0, 0, 0, 0, 0, 0, 0, 0, 0, 0
0, 0, 0, 0, 0, 0, 0, 0, 0, 0, 0, 0, 0, 0, 0, 0, 0, 2.94745e-13, 0, 0, 0, 0, 0, 0, 0, 0, 0, 0, 0, 0, 0, 0, 0, 0, 0, 0, 0, 0, 0, 0, 0, 0, 0, 0, 0, 0, 0, 0, 0, 0, 0, 0, 0, 0, 0, 0, 0, 0, 0, 0, 0, 0, 0, 0, 0, 0, 0, 0, 0, 0, 0, 0, 0, 0, 0, 0, 0, 0, 0, 0, 0, 0, 0, 0, 0, 0, 0, 0, 0, 0, 0, 0, 0, 0, 0, 0, 0, 0, 0, 0
0, 0, 0, 0, 0, 0, 0, 0, 0, 0, 0, 2.26743e-12, 1.75667e-12, 1.23317e-12, 0, 0, 2.10329e-12, 0, 0, 0, 0, 0, 0, 0, 0, 0, 0, 0, 0, 0, 0, 0, 0, 0, 0, 0, 0, 0, 0, 0, 0, 0, 0, 0, 0, 0, 0, 0, 0, 0, 0, 0, 0, 0, 0, 0, 0, 0, 0, 0, 0, 0, 0, 0, 0, 0, 0, 0, 0, 0, 0, 0, 0, 0, 0, 0, 0, 0, 0, 0, 0, 0, 0, 0, 0, 0, 0, 0, 0, 0, 0, 0, 0, 0, 0, 0, 0, 0, 0, 0
0, 0, 0, 0, 0, 0, 0, 0, 0, 0, 2.00819e-12, 2.3963e-13, 0, 7.69896e-13, 4.89892e-13, 0, 1.68982e-12, 0, 0, 0, 0, 0, 0, 0, 0, 0, 0, 0, 0, 0, 0, 0, 0, 0, 0, 0, 0, 0, 0, 0, 0, 0, 0, 0, 0, 0, 0, 0, 0, 0, 0, 0, 0, 0, 0, 0, 0, 0, 0, 0, 0, 0, 0, 0, 0, 0, 0, 0, 0, 0, 0, 0, 0, 0, 0, 0, 0, 0, 0, 0, 0, 0, 0, 0, 0, 0, 0, 0, 0, 0, 0, 0, 0, 0, 0, 0, 0, 0, 0, 0
0, 0, 0, 0, 0, 0, 0, 0, 0, 0, 0, 0, 0, 0, 0, 2.69028e-12, 3.09152e-12, 0, 0, 0, 0, 0, 0, 0, 0, 0, 0, 0, 0, 0, 0, 0, 0, 0, 0, 0, 0, 0, 0, 0, 0, 0, 0, 0, 0, 0, 0, 0, 0, 0, 0, 0, 0, 0, 0, 0, 0, 0, 0, 0, 0, 0, 0, 0, 0, 0, 0, 0, 0, 0, 0, 0, 0, 0, 0, 0, 0, 0, 0, 0, 0, 0, 0, 0, 0, 0, 0, 0, 0, 0, 0, 0, 0, 0, 0, 0, 0, 0, 0, 0
0, 0, 0, 0, 0, 0, 0, 0, 0, 0, 0, 0, 0, 0, 0, 0, 0, 0, 0, 0, 0, 0, 0, 0, 0, 0, 0, 0, 0, 0, 0, 0, 0, 0, 0, 0, 0, 0, 0, 0, 0, 0, 0, 0, 0, 0, 0, 0, 0, 0, 0, 0, 0, 0, 0, 0, 0, 0, 0, 0, 0, 0, 0, 0, 0, 0, 0, 0, 0, 0, 0, 0, 0, 0, 0, 0, 0, 0, 0, 0, 0, 0, 0, 0, 0, 0, 0, 0, 0, 0, 0, 0, 0, 0, 0, 0, 0, 0, 0, 0
0, 0, 0, 0, 0, 0, 0, 0, 0, 0, 0, 0, 0, 0, 0, 0, 0, 0, 0, 0, 0, 0, 0, 0, 0, 0, 0, 0, 0, 0, 0, 0, 0, 0, 0, 0, 0, 0, 0, 0, 0, 0, 0, 0, 0, 0, 0, 0, 0, 0, 0, 0, 0, 0, 0, 0, 0, 0, 0, 0, 0, 0, 0, 0, 0, 0, 0, 0, 0, 0, 0, 0, 0, 0, 0, 0, 0, 0, 0, 0, 0, 0, 0, 0, 0, 0, 0, 0, 0, 0, 0, 0, 0, 0, 0, 0, 0, 0, 0, 0
0, 0, 0, 0, 0, 0, 0, 0, 0, 0, 0, 0, 0, 0, 0, 0, 0, 0, 0, 0, 0, 0, 0, 0, 0, 0, 0, 0, 0, 0, 0, 0, 0, 0, 0, 0, 0, 0, 0, 0, 0, 0, 0, 0, 0, 0, 0, 0, 0, 0, 0, 0, 0, 0, 0, 0, 0, 0, 0, 0, 0, 0, 0, 0, 0, 0, 0, 0, 0, 0, 0, 0, 0, 0, 0, 0, 0, 0, 0, 0, 0, 0, 0, 0, 0, 0, 0, 0, 0, 0, 0, 0, 0, 0, 0, 0, 0, 0, 0, 0
0, 0, 0, 0, 0, 0, 0, 0, 0, 0, 0, 0, 0, 0, 0, 0, 0, 0, 0, 0, 0, 0, 0, 0, 0, 0, 0, 0, 0, 0, 0, 0, 0, 0, 0, 0, 0, 0, 0, 0, 0, 0, 0, 0, 0, 0, 0, 0, 0, 0, 0, 0, 0, 0, 0, 0, 0, 0, 0, 0, 0, 0, 0, 0, 0, 0, 0, 0, 0, 0, 0, 0, 0, 0, 0, 0, 0, 0, 0, 0, 0, 0, 0, 0, 0, 0, 0, 0, 0, 0, 0, 0, 0, 0, 0, 0, 0, 0, 0, 0
0, 0, 0, 0, 0, 0, 0, 0, 0, 0, 0, 0, 0, 0, 0, 0, 0, 0, 0, 0, 0, 0, 0, 0, 0, 0, 0, 0, 0, 0, 0, 0, 0, 0, 0, 0, 0, 0, 0, 0, 0, 0, 0, 0, 0, 0, 0, 0, 0, 0, 0, 0, 0, 0, 0, 0, 0, 0, 0, 0, 0, 0, 0, 0, 0, 0, 0, 0, 0, 0, 0, 0, 0, 0, 0, 0, 0, 0, 0, 0, 0, 0, 0, 0, 0, 0, 0, 0, 0, 0, 0, 0, 0, 0, 0, 0, 0, 0, 0, 0
0, 0, 0, 0, 0, 0, 0, 0, 0, 0, 0, 0, 0, 0, 0, 0, 0, 0, 0, 0, 0, 0, 0, 0, 0, 0, 0, 0, 0, 0, 0, 0, 0, 0, 0, 0, 0, 0, 0, 0, 0, 0, 0, 0, 0, 0, 0, 0, 0, 0, 0, 0, 0, 0, 0, 0, 0, 0, 0, 0, 0, 0, 0, 0, 0, 0, 0, 0, 0, 0, 0, 0, 0, 0, 0, 0, 0, 0, 0, 0, 0, 0, 0, 0, 0, 0, 0, 0, 0, 0, 0, 0, 0, 0, 0, 0, 0, 0, 0, 0
0, 0, 0, 0, 0, 0, 0, 0, 0, 0, 0, 0, 0, 0, 0, 0, 0, 0, 0, 0, 0, 0, 0, 0, 0, 0, 0, 0, 0, 0, 0, 0, 0, 0, 0, 0, 0, 0, 0, 0, 0, 0, 0, 0, 0, 0, 0, 0, 0, 0, 0, 0, 0, 0, 0, 0, 0, 0, 0, 0, 0, 0, 0, 0, 0, 0, 0, 0, 0, 0, 0, 0, 0, 0, 0, 0, 0, 0, 0, 0, 0, 0, 0, 0, 0, 0, 0, 0, 0, 0, 0, 0, 0, 0, 0, 0, 0, 0, 0, 0
0, 0, 0, 0, 0, 0, 0, 0, 0, 0, 0, 0, 0, 0, 0, 0, 0, 0, 0, 0, 0, 0, 0, 0, 0, 0, 0, 0, 0, 0, 0, 0, 0, 0, 0, 0, 0, 0, 0, 0, 0, 0, 0, 0, 0, 0, 0, 0, 0, 0, 0, 0, 0, 0, 0, 0, 0, 0, 0, 0, 0, 0, 0, 0, 0, 0, 0, 0, 0, 0, 0, 0, 0, 0, 0, 0, 0, 0, 0, 0, 0, 0, 0, 0, 0, 0, 0, 0, 0, 0, 0, 0, 0, 0, 0, 0, 0, 0, 0, 0
0, 0, 0, 0, 0, 0, 0, 0, 0, 0, 0, 0, 0, 0, 0, 0, 0, 0, 0, 0, 0, 0, 0, 0, 0, 0, 0, 0, 0, 0, 0, 0, 0, 0, 0, 0, 0, 0, 0, 0, 0, 0, 0, 0, 0, 0, 0, 0, 0, 0, 0, 0, 0, 0, 0, 0, 0, 0, 0, 0, 0, 0, 0, 0, 0, 0, 0, 0, 0, 0, 0, 0, 0, 0, 0, 0, 0, 0, 0, 0, 0, 0, 0, 0, 0, 0, 0, 0, 0, 0, 0, 0, 0, 0, 0, 0, 0, 0, 0, 0
0, 0, 0, 0, 0, 0, 0, 0, 0, 0, 0, 0, 0, 0, 0, 0, 0, 0, 0, 0, 0, 0, 0, 0, 0, 0, 0, 0, 0, 0, 0, 0, 0, 0, 0, 0, 0, 0, 0, 0, 0, 0, 0, 0, 0, 0, 0, 0, 0, 0, 0, 0, 0, 0, 0, 0, 0, 0, 0, 0, 0, 0, 0, 0, 0, 0, 0, 0, 0, 0, 0, 0, 0, 0, 0, 0, 0, 0, 0, 0, 0, 0, 0, 0, 0, 0, 0, 0, 0, 0, 0, 0, 0, 0, 0, 0, 0, 0, 0, 0
0, 0, 0, 0, 0, 0, 0, 0, 0, 0, 0, 0, 0, 0, 0, 0, 0, 0, 0, 0, 0, 0, 0, 0, 0, 0, 0, 0, 0, 0, 0, 0, 0, 0, 0, 0, 0, 0, 0, 0, 0, 0, 0, 0, 0, 0, 0, 0, 0, 0, 0, 0, 0, 0, 0, 0, 0, 0, 0, 0, 0, 0, 0, 0, 0, 0, 0, 0, 0, 0, 0, 0, 0, 0, 0, 0, 0, 0, 0, 0, 0, 0, 0, 0, 0, 0, 0, 0, 0, 0, 0, 0, 0, 0, 0, 0, 0, 0, 0, 0
0, 0, 0, 0, 0, 0, 0, 0, 0, 0, 0, 0, 0, 0, 0, 0, 0, 0, 0, 0, 0, 0, 0, 0, 0, 0, 0, 0, 0, 0, 0, 0, 0, 0, 0, 0, 0, 0, 0, 0, 0, 0, 0, 0, 0, 0, 0, 0, 0, 0, 0, 0, 0, 0, 0, 0, 0, 0, 0, 0, 0, 0, 0, 0, 0, 0, 0, 0, 0, 0, 0, 0, 0, 0, 0, 0, 0, 0, 0, 0, 0, 0, 0, 0, 0, 0, 0, 0, 0, 0, 0, 0, 0, 0, 0, 0, 0, 0, 0, 0
0, 0, 0, 0, 0, 0, 0, 0, 0, 0, 0, 0, 0, 0, 0, 0, 0, 0, 0, 0, 0, 0, 0, 0, 0, 0, 0, 0, 0, 0, 0, 0, 0, 0, 0, 0, 0, 0, 0, 0, 0, 0, 0, 0, 0, 0, 0, 0, 0, 0, 0, 0, 0, 0, 0, 0, 0, 0, 0, 0, 0, 0, 0, 0, 0, 0, 0, 0, 0, 0, 0, 0, 0, 0, 0, 0, 0, 0, 0, 0, 0, 0, 0, 0, 0, 0, 0, 0, 0, 0, 0, 0, 0, 0, 0, 0, 0, 0, 0, 0
